week_start,region_bucket,new_orders,new_revenue,new_cogs,new_gross_revenue,promo_days,max_promo_amount,any_gwp,adspend_Meta,adspend_GoogleSearch,adspend_TikTokShop,adspend_Bing,adspend_AppLovin,adspend_Pinterest,adspend_Rokt,adspend_TikTokSocial,adspend_Television,adspend_YouTube,orders_Meta,orders_GoogleSearch,orders_TikTokShop,orders_Bing,orders_AppLovin,orders_Pinterest,orders_Rokt,orders_TikTokSocial,orders_Television,orders_YouTube,orders_CRMEmail,orders_CRMSMS,orders_Organic,orders_Direct,rev_Meta,rev_GoogleSearch,rev_TikTokShop,rev_Bing,rev_AppLovin,rev_Pinterest,rev_Rokt,rev_TikTokSocial,rev_Television,rev_YouTube,rev_CRMEmail,rev_CRMSMS,rev_Organic,rev_Direct
2024-08-05,International,1752,79555,12746,68627,7,70% + 10%,0,40814,4652,0,256,0,0,0,0,0,0,426,378,0,37,2,0,0,0,0,0,357,7,154,148,17105,16923,0,2243,153,0,0,0,0,0,16220,546,7402,7148
2024-08-12,International,2782,142774,24112,126264,7,50%/45%/40%,0,71715,5787,0,348,0,0,0,0,0,0,1044,552,0,39,0,1,0,0,0,0,558,3,170,207,53196,29522,0,2153,0,86,0,0,0,0,27122,183,9078,11301
2024-08-19,International,3768,201611,34521,177668,7,50% + 10%,0,105696,6977,0,322,0,0,0,0,0,0,1431,746,0,55,0,0,0,0,0,0,716,4,250,290,76562,39083,0,3089,-57,0,0,0,0,0,36795,187,14524,16391
2024-08-26,International,6554,384289,69282,343360,7,55% + 10%,0,183057,8233,0,426,0,0,0,0,0,0,2656,1181,0,60,2,0,0,0,0,0,1120,5,425,579,159790,67953,0,3300,137,0,0,0,0,0,61236,367,25594,34788
2024-09-02,International,6842,405885,73840,363981,7,55% + 10%,0,234504,9128,0,716,0,0,0,0,0,0,2514,1285,0,97,1,0,0,0,0,0,1247,6,433,672,151885,74216,0,5512,140,0,0,0,0,0,71260,346,26043,40770
2024-09-09,International,4939,283098,49973,257083,7,40%-60% + 10%,0,185120,7219,0,507,0,0,0,0,0,0,1679,987,0,72,1,0,0,0,0,0,939,5,307,512,100513,55291,0,4656,129,0,0,0,0,0,51832,275,17424,29186
2024-09-16,International,4157,223384,37989,203165,7,60% + 10%,0,151632,6124,0,412,0,0,0,0,0,0,1359,713,0,54,1,0,0,0,0,0,1016,1,243,384,71842,38385,0,2551,46,0,0,0,0,0,55808,78,13780,21100
2024-09-23,International,3897,210143,37086,190280,7,50% + 10%,0,115048,5610,0,353,0,0,0,0,0,0,963,803,0,53,0,1,0,0,0,0,1036,3,257,371,50339,42346,0,2676,0,-49,0,0,0,0,56158,120,14817,20761
2024-09-30,International,4302,226981,38172,205199,7,60% + 10%,0,125580,5753,0,400,0,0,0,0,0,0,1502,861,0,55,0,1,0,0,0,0,847,1,276,374,78441,44125,0,2983,0,72,0,0,0,0,45048,87,15485,20605
2024-10-07,International,3778,193197,32853,176493,7,60% + 10%,0,107875,5155,0,437,0,0,0,0,0,0,1507,653,0,40,2,0,0,0,0,0,812,4,202,292,76768,32580,0,2318,258,0,0,0,0,0,40567,266,11678,15013
2024-10-14,International,4526,232015,40327,207932,7,40%-60% + 10%,0,103962,6211,0,446,0,0,0,0,0,0,1848,643,0,45,0,0,0,0,0,0,928,4,226,359,92875,32577,0,2707,0,0,0,0,0,0,48074,195,11849,19043
2024-10-21,International,3958,210327,36435,188537,7,65% + 10%,0,107517,5916,0,372,0,0,0,0,0,0,1466,604,0,50,0,0,0,0,0,0,807,5,217,330,77800,31864,0,2438,0,0,0,0,0,0,41754,315,11934,17681
2024-10-28,International,5228,271427,47196,243801,7,65% + 10%,0,129448,8003,0,536,0,0,0,0,0,0,2059,897,0,66,3,0,0,0,0,0,960,2,273,416,106053,44690,0,3921,244,0,0,0,0,0,51388,176,14723,22113
2024-11-04,International,6418,339031,58134,309826,7,40%-60% + 10%,0,193630,11006,0,522,0,0,0,0,0,0,2921,996,0,60,3,0,0,0,0,0,1071,3,282,469,148372,52497,0,3490,252,0,0,0,0,0,57887,239,16321,26414
2024-11-11,International,14542,720928,128790,636513,7,70% + 10%,0,390432,16106,0,906,0,0,0,0,0,0,6617,2232,0,139,5,0,0,0,0,0,2773,46,604,992,312706,110879,0,7237,300,0,0,0,0,0,143859,2557,32342,53028
2024-11-18,International,13559,675517,119949,589106,7,70% + 10%,0,397174,17321,0,1414,0,0,0,0,0,0,5820,2435,0,185,9,1,0,0,0,0,2180,21,696,1099,275809,123943,0,9968,637,67,0,0,0,0,113877,1212,36951,57603
2024-11-25,International,30879,1393883,263743,1205615,7,75% + 10%,0,706914,27106,0,1657,0,0,0,0,0,0,13743,5409,0,321,10,0,0,0,0,0,4832,50,1301,2625,583553,251346,0,16098,661,0,0,0,0,0,232752,2902,64272,126488
2024-12-02,International,29281,1307159,242669,1135469,7,75% + 10%,0,656716,27086,0,1819,0,0,0,0,0,0,12478,5146,0,338,5,0,0,0,0,0,4826,65,1310,2546,531917,234048,0,15694,199,0,0,0,0,0,224540,3923,63191,121938
2024-12-09,International,14693,717200,128194,643739,7,50%/45%/40%,0,364067,20073,0,1330,0,0,0,0,0,0,6071,2506,0,188,0,0,0,0,0,0,2409,21,769,1457,290635,121379,0,9831,0,0,0,0,0,0,118662,1219,38197,74467
2024-12-16,International,12581,582702,107017,523563,7,70% + 10%,0,324738,17409,0,1102,0,0,0,0,0,0,5521,2118,0,128,1,0,0,0,0,0,1966,19,646,1043,249010,97333,0,6348,68,0,0,0,0,0,93521,773,31812,50345
2024-12-23,International,12581,579708,108026,526225,7,75% + 10%,0,279646,16729,0,820,0,0,0,0,0,0,5597,2077,0,98,1,1,0,0,0,0,2377,27,635,884,251668,95935,0,4110,47,38,0,0,0,0,110475,1627,31397,43808
2024-12-30,International,16937,750214,134080,679062,7,75% + 10%,0,388584,18249,0,1181,0,0,0,0,0,0,7927,2877,0,170,0,0,0,0,0,0,2924,30,873,1098,334052,130496,0,8342,7,0,0,0,0,0,134232,1883,40506,52733
2025-01-06,International,10786,501639,91747,463799,7,60% + 10%,1,254482,16998,0,972,0,0,0,0,0,0,4366,2038,0,154,2,1,0,0,0,0,1945,17,608,778,201750,93848,0,7420,168,35,0,0,0,0,89714,1141,29459,37225
2025-01-13,International,11513,524874,99333,482792,7,60% + 10%,1,276524,18832,0,1012,0,0,0,0,0,0,5088,2227,0,160,1,0,0,0,0,0,1818,19,540,664,228490,100461,0,7682,50,0,0,0,0,0,84443,1052,25306,31532
2025-01-20,International,12003,556276,102512,511859,7,67% + 10%,1,277041,14895,0,1148,0,0,0,0,0,0,5582,1895,0,154,0,1,0,0,0,0,2037,37,576,698,249334,87714,0,7217,0,50,0,0,0,0,97655,2138,27897,34604
2025-01-27,International,11319,487178,86129,449434,7,67% + 10%,1,270434,10315,0,974,0,1635,0,0,0,0,5426,1829,0,164,1,59,0,0,0,0,1696,75,584,683,223564,79426,0,8112,71,2534,0,0,0,0,76060,3715,27131,31256
2025-02-03,International,7310,312725,54748,286225,7,50% + 10%,1,186695,9407,0,868,0,8380,0,5529,0,0,2957,1190,0,108,0,194,0,80,0,0,1269,92,442,481,118384,52616,0,5333,0,7621,0,2741,0,0,57647,4494,19734,21863
2025-02-10,International,8569,371783,67386,339316,7,65% + 15%,1,179699,8165,0,800,0,15859,0,12679,0,0,3731,1098,0,101,2,276,0,157,0,0,1502,139,503,552,154313,47908,0,4593,108,10558,0,7301,0,0,66809,7178,22887,26348
2025-02-17,International,12349,536840,94512,486466,7,65% + 15%,1,272524,11165,0,1022,0,20901,0,19127,0,0,5976,1630,0,144,1,302,0,142,0,0,1635,173,807,844,243828,73363,0,6601,41,12258,0,6903,0,0,75064,8854,37769,40174
2025-02-24,International,13025,592190,101075,537964,7,60% + 15%,1,294157,9681,0,986,0,13968,0,12404,0,0,5946,1673,0,137,2,184,0,108,0,0,2372,199,730,897,256702,78095,0,6773,101,8114,0,5344,0,0,112146,10322,35673,43034
2025-03-03,International,15336,735208,133607,675243,7,60% + 15%,1,412763,9948,0,907,0,9367,0,8500,0,0,8122,2081,0,156,2,131,0,58,0,0,1899,207,840,1046,380469,101969,0,7894,101,6265,0,3033,0,0,90654,11628,41671,52227
2025-03-10,International,11642,574352,104188,532353,7,45%,0,322139,5679,0,925,0,7038,0,6763,0,0,5316,1879,0,139,1,81,0,42,0,0,2078,120,727,894,254492,97123,0,7139,71,4102,0,2525,0,0,99784,6544,37677,46768
2025-03-17,International,11209,603021,118600,567939,7,60% + 10%,1,306642,4327,0,787,0,6997,0,6419,0,0,5114,1895,0,108,1,100,0,59,0,0,1960,139,770,808,276355,102391,0,5537,95,5784,0,3420,0,0,100655,7613,43785,44696
2025-03-24,International,12509,678917,148359,632801,7,55%,1,335849,2219,0,852,0,5564,0,4568,0,0,6255,967,0,146,2,82,0,44,0,0,1893,139,1691,971,333507,52171,0,7346,148,4018,0,2554,0,0,101171,7432,98859,54037
2025-03-31,International,9452,510274,107233,475149,7,60% + 20%,1,253320,7920,0,700,0,7702,0,3586,0,0,4197,1762,0,145,0,93,0,25,0,0,1521,129,670,651,223128,95521,0,8306,0,5207,0,1525,0,0,82520,7591,37374,35835
2025-04-07,International,6317,331091,67705,311191,7,60% + 20%,1,158512,7019,0,732,0,6196,0,3478,0,0,2650,946,0,89,0,75,0,23,0,0,1335,80,430,426,138450,49412,0,4988,0,3843,0,1478,0,0,68606,4141,23150,23261
2025-04-14,International,8377,432584,85078,394670,7,50%,0,208116,4438,0,581,0,6518,0,3073,0,0,3790,1291,0,72,1,123,0,25,0,0,1673,77,516,434,191157,69033,0,3785,59,5510,0,1100,0,0,86208,4648,27808,23677
2025-04-21,International,10682,553477,110417,501908,7,50%/45%/40%,0,254917,9758,0,693,0,8260,0,2831,0,0,5001,1687,0,115,1,118,0,19,0,0,1953,117,539,486,250915,88868,0,5719,41,5318,0,1173,0,0,101107,6309,31085,27630
2025-04-28,International,13710,693923,133859,622097,7,55% + 15%,0,328874,14716,0,698,0,6490,0,5738,0,0,6998,1647,0,117,1,64,0,73,0,0,2315,135,629,492,341179,85827,0,6114,99,3407,0,4017,0,0,120084,7993,35192,26314
2025-05-05,International,13853,670486,128863,598081,7,55% + 15-25%,1,318883,16141,0,775,0,5432,0,16334,0,0,6477,1852,0,146,2,63,0,163,0,0,2570,122,494,408,301542,91740,0,6955,174,3092,0,9055,0,0,127246,6677,25883,21061
2025-05-12,International,8902,429518,81976,391265,7,50%/45%/40%,0,211420,7662,0,634,0,4893,0,13785,0,0,3853,1400,0,116,0,23,0,113,0,0,1728,88,448,453,176783,69378,0,5497,0,1172,0,6502,0,0,83735,4660,23496,22889
2025-05-19,International,10420,492509,97694,446618,7,65% + 15%,1,238989,8418,0,679,0,5208,0,8520,0,0,4438,1427,0,106,1,28,0,76,0,0,2246,106,735,640,199926,69494,0,5146,55,1521,0,3957,0,0,110312,5990,36609,31807
2025-05-26,International,11055,510468,97742,460150,7,65% + 15%,1,230343,10758,0,600,0,5579,0,7481,0,0,4873,1627,0,111,0,54,0,60,0,0,2120,98,777,743,213470,78973,0,5177,0,2191,0,3005,0,0,99907,5424,39176,36287
2025-06-02,International,11558,521602,102101,477288,7,55%,1,217587,11597,0,710,0,3892,0,6940,0,0,4726,1657,0,119,0,37,0,41,0,0,2546,119,771,696,205740,77125,0,5320,0,1656,0,2198,0,0,115843,6217,37043,33199
2025-06-09,International,7255,339580,66165,310152,7,55% + 20%,1,145205,12707,0,569,0,3032,0,5513,0,0,2785,985,0,81,0,42,0,50,0,0,1436,48,561,454,122097,48291,0,4288,0,1972,0,2849,0,0,68246,2554,29122,22455
2025-06-16,International,5264,254095,48793,234585,7,55% + 20%,1,104004,5155,0,368,0,3507,0,5623,0,0,1918,828,0,61,0,32,0,61,0,0,1098,73,373,315,89074,40281,0,2969,0,1462,0,3386,0,0,53215,3972,19250,16548
2025-06-23,International,6712,320165,62710,293469,7,60% + 15%,1,156712,9950,0,429,0,4238,0,6860,0,0,2571,853,0,76,0,36,0,58,0,0,1544,63,457,375,116623,41434,0,3752,0,1965,0,3801,0,0,75346,3494,23418,18869
2025-06-30,International,6733,326956,66315,301226,7,60% + 15%,1,183708,9966,0,890,0,5548,0,5246,0,0,2642,899,0,87,0,43,0,32,0,0,1161,77,471,467,120913,45144,0,4437,0,2307,0,1893,0,0,57593,4693,24054,24763
2025-07-07,International,4263,214422,42792,199668,7,60% + 15%,1,101793,7479,0,814,0,5617,0,6884,0,0,1331,521,0,62,1,38,0,33,0,0,1069,73,339,255,61643,27371,0,3318,36,2212,0,2208,0,0,53819,4166,18715,13672
2025-07-14,International,3717,182764,36885,170819,7,60% + 15%,1,68859,6113,0,676,0,3219,0,4391,0,0,1158,440,0,53,1,25,1,18,0,0,917,89,275,283,51715,22657,0,2862,52,1210,358,1174,0,0,45887,5054,14948,14063
2025-07-21,International,6623,313059,62911,286342,7,70% + 15%,1,153068,7281,0,656,0,2139,0,1382,0,0,2804,853,0,71,0,31,0,4,0,0,1204,65,487,431,128709,39280,0,3641,0,1562,0,166,0,0,58235,3730,24389,21674
2025-07-28,International,7132,340403,68585,310384,7,70% + 15%,1,169083,9631,0,849,0,3720,0,1397,0,0,2881,896,0,71,0,52,0,10,0,0,1345,123,511,448,134411,42518,0,3385,0,2270,0,241,0,0,65266,6388,25826,22770
2025-08-04,International,5410,248606,47669,226438,7,60% + 15%,1,119748,10268,0,591,0,2591,0,1433,0,0,2372,615,0,43,0,24,0,14,0,0,937,77,341,339,104037,29434,0,2389,0,1036,0,652,0,0,44077,4210,17186,17327
2025-08-11,International,9197,425479,79807,387100,7,40% + 10%,0,179932,11569,0,709,0,2751,0,1428,0,0,4481,967,0,85,0,37,0,13,0,0,1568,126,401,352,196357,47808,0,4259,0,1745,0,650,0,0,76875,6018,20466,18031
2025-08-18,International,10055,486200,97280,448192,7,60% + 10%,1,255470,17365,0,898,0,2489,4563,1360,0,0,4702,1113,0,96,0,38,23,8,0,0,1501,79,664,570,223135,53828,0,5189,0,1866,1427,422,0,0,73802,4435,34029,29004
2025-08-25,International,9957,500923,107144,465920,7,65% + 15%,1,234944,18488,0,817,0,4582,6140,2338,0,0,4041,1052,0,102,0,73,21,12,0,0,1921,99,683,640,202944,52093,0,5427,0,3541,1289,703,0,0,97473,5656,35771,32281
2025-09-01,International,8980,453590,96684,424230,7,65% + 15%,1,212894,17947,0,822,0,7705,5676,2729,0,0,3584,905,0,80,0,85,29,76,0,0,1719,102,585,604,178602,45333,0,4401,0,4213,2043,2791,0,0,88179,6730,30207,31502
2025-09-08,International,6547,335319,68437,318802,7,45%,1,163034,15013,0,590,0,8381,5392,2854,0,0,2441,612,0,67,0,48,24,66,0,0,1434,83,430,424,123336,31758,0,3430,0,2730,1581,2637,0,0,71644,5176,22659,23819
2025-09-15,International,9015,444208,91577,416723,7,67% + 10%,1,207574,16912,0,504,31495,8403,2343,3916,0,0,3759,714,0,86,328,56,15,92,0,0,1694,93,521,503,174171,36437,0,4536,20483,2911,1025,3749,0,0,85651,5624,27247,26624
2025-09-22,International,7715,387913,80060,369189,7,60% + 15%,1,179485,16779,0,573,34571,5570,4039,5538,0,0,2711,713,0,67,338,34,33,73,0,0,1480,105,492,505,132396,36158,0,3965,21182,1775,2185,2828,0,0,74160,5926,25305,24934
2025-09-29,International,6793,348901,72611,336211,7,60% + 15%,1,157601,15919,0,565,28007,1211,3951,3417,0,0,2374,601,0,75,270,4,34,23,0,0,1415,82,411,458,119248,29398,0,3951,17193,81,2302,1014,0,0,73073,5173,21693,23765
2025-10-06,International,5092,259821,56008,254710,7,60% + 10%,1,133774,16027,0,464,20177,0,2609,1916,0,0,1600,511,0,65,161,0,28,15,0,0,1144,102,353,361,80856,25114,0,3556,9930,-61,2174,807,0,0,56491,6381,19424,18929
2025-10-13,International,7641,392284,86047,381635,7,50%,1,175778,17533,0,528,7016,0,726,1335,0,0,3419,890,0,68,80,1,6,4,0,0,1153,65,463,539,172304,47213,0,3803,4567,-16,290,205,0,0,59079,3711,23468,29178
2025-10-20,International,6502,340183,73663,329099,7,60% + 10%,1,175527,17199,0,652,7046,0,0,2219,0,0,2421,778,0,86,71,0,0,11,0,0,1194,94,455,504,126281,40811,0,4930,4393,0,0,684,0,0,60971,6169,24445,27694
2025-10-27,International,10730,500050,121765,476016,7,65% + 15%,1,233574,21374,0,696,12278,0,0,3463,0,0,4180,1320,0,135,76,0,1,38,0,0,1892,103,683,845,189019,62650,0,7400,4936,-20,-28,1578,0,0,89662,5264,33182,41710
2025-11-03,International,14970,740198,187171,713816,7,65% + 15%,0,371845,27992,0,931,6418,0,0,6135,0,0,6187,1860,0,198,47,0,0,86,0,0,2369,156,909,1187,305548,93466,0,9872,3445,0,-58,3666,0,0,116234,9191,46808,59128
2025-11-10,International,11563,601567,139886,583408,7,70% + 10%,0,312257,30785,0,689,8792,0,0,4143,0,0,4194,1507,0,147,95,1,0,36,0,0,2114,180,802,1034,217563,79770,0,7932,6505,46,0,1516,0,0,109873,10624,42395,54262
2025-11-17,International,18140,889632,205501,851396,7,70% + 10%,0,491103,38303,0,1062,8786,0,0,4161,0,0,7763,2116,0,206,104,0,1,34,0,0,3035,175,1002,1607,368323,108497,0,11377,7055,0,88,1407,0,0,152748,9947,49651,80412
2025-11-24,International,24239,1121966,281126,1092151,7,Up to 75% + Extra 25%/20%/15%,1,650094,45500,0,1451,8789,751,0,4054,0,0,9047,3080,0,287,101,4,1,48,0,0,4484,262,1559,2553,400089,146840,0,14608,6993,138,72,2079,0,0,213535,15509,74525,117848
2025-12-01,International,20967,927946,221804,871727,7,Up to 75% + Extra 25%/20%/15%,0,448040,42089,0,1143,8206,2442,0,4132,0,0,7028,2750,0,237,93,11,3,46,0,0,4734,238,1174,1997,301024,125428,0,11478,5798,627,181,2219,0,0,207834,12281,53294,92063
2025-12-08,International,11877,557573,122622,534567,7,70% + 10%,0,162185,28278,0,887,7033,2883,0,2543,0,0,3311,1645,0,139,70,4,0,30,0,0,2493,124,740,1364,147706,80361,0,6813,4117,243,0,1528,0,0,117047,6800,35472,66030
2025-12-15,International,13209,602101,132895,571955,7,70% + 15%,0,250441,25904,0,826,7028,1662,0,4047,0,0,4649,1879,0,146,76,6,0,44,0,0,2499,121,808,1163,199900,88752,0,6791,4861,260,0,1783,0,0,119641,6593,36825,54238
2025-12-22,International,15561,770855,172679,733081,7,75% + 10%,0,361331,21886,0,746,7070,1401,0,3520,0,0,6173,2360,0,113,105,2,0,21,0,0,3048,146,835,1014,303792,119902,0,5968,7036,104,0,1033,0,0,150240,8325,40996,50788
2025-12-29,International,17222,887264,207300,856978,7,75% + 10%,1,427437,26289,0,921,5521,1392,0,2739,0,0,6517,2343,0,176,87,9,0,26,0,0,3836,185,943,1107,328377,123192,0,9126,5801,393,0,1264,0,0,200258,10900,50495,57613
2026-01-05,International,13293,649331,143444,627169,7,75% + 10%,1,301188,22870,0,826,0,1402,0,2078,0,0,4858,1768,0,140,0,4,1,9,0,0,3086,148,762,844,232468,87551,0,6766,-73,202,57,572,0,0,153632,8671,37026,42056
2026-01-12,International,10159,508488,110517,495554,7,60% + 10%,1,295028,23078,0,696,0,1379,0,2068,0,0,4142,1421,0,104,1,2,0,7,0,0,1922,89,644,660,200949,74311,0,5255,-23,160,0,181,0,0,97775,5057,34787,33379
2026-01-19,International,8821,438482,97937,430860,7,65% + 20%,1,204104,22809,0,604,0,386,0,1701,0,0,3340,1262,0,93,0,2,1,8,0,0,1910,99,517,503,159530,66969,0,5211,2,66,53,444,0,0,95510,6314,26602,25483
2026-01-26,International,15206,766836,169734,723113,7,65% + 10%,1,427277,31778,0,728,0,0,0,1386,0,0,6147,2045,0,159,1,0,0,4,0,0,2810,211,892,765,307246,106495,0,8843,-32,0,0,189,0,0,140972,11258,45942,38752
2026-02-02,International,12290,647938,156580,619700,7,60% + 10%,1,351256,40065,0,852,0,0,0,1406,0,0,4276,1803,0,153,2,1,0,5,0,0,2080,258,784,786,222226,98278,0,8309,145,127,0,285,0,0,111011,14997,41320,42665
2026-02-09,International,9602,505461,123067,486399,7,65% + 15%,1,293879,34853,0,754,0,0,0,1458,0,0,3334,1356,0,106,3,0,1,7,0,0,1666,247,599,621,174862,73387,0,6112,126,-46,50,352,0,0,86919,14535,32531,31914
2026-02-16,International,9414,478433,109684,468375,7,65% + 15%,1,303736,39116,0,758,0,0,0,1396,0,0,3372,1282,0,90,0,1,1,16,0,0,1717,191,512,560,173036,67321,0,5038,0,51,55,799,0,0,87081,11419,26129,29048
2026-02-23,International,9207,475265,99100,464202,7,60% + 10%,1,261209,35728,0,631,0,0,0,1401,0,0,3698,1327,0,74,1,1,0,9,0,0,1482,177,455,561,185696,72629,0,4322,95,60,0,548,0,0,76616,10399,24457,30464
2026-03-02,International,9874,490478,100797,478264,7,60% + 10%,1,330878,39585,0,559,0,0,0,1403,0,0,4065,1223,0,108,1,0,0,21,0,0,1581,181,477,647,192548,64865,0,6099,80,0,0,1059,0,0,80805,10876,25020,34705
2026-03-09,International,8940,431514,90128,416703,7,55%,0,230196,37879,0,555,0,0,0,1368,0,0,3220,1189,0,80,2,0,0,14,0,0,1631,132,431,608,148248,61428,0,4256,142,0,0,596,0,0,81797,7855,21439,31193
2026-03-16,International,7375,359324,71123,342933,7,65% + 10%,1,230615,30021,0,476,0,0,0,1432,0,0,2912,962,0,50,0,0,0,17,0,0,1213,51,318,402,136254,50439,0,2793,-21,0,0,930,0,0,62054,2754,16842,20856
2026-03-23,International,6555,341386,69434,331816,7,70%,1,210331,28876,0,461,0,0,0,1400,0,0,2591,702,0,40,1,1,0,25,0,0,1043,63,241,286,132559,38377,0,2075,60,65,0,1306,0,0,52782,3634,12511,16732
2026-03-30,International,6244,329267,68100,319262,7,80% + 80%,1,203345,24117,0,420,0,0,0,1390,0,0,2000,662,0,38,1,1,0,13,0,0,1162,49,229,288,102230,36484,0,2266,75,57,0,583,0,0,62850,2582,12628,15850
2026-04-06,International,6257,338357,70773,330636,7,70% + 10%,1,185922,33297,0,418,0,0,0,1410,0,0,1932,935,0,68,2,0,0,17,0,0,1232,83,342,412,101864,54486,0,4330,100,0,0,710,0,0,67024,4563,19208,23306
2026-04-13,International,6960,327154,68983,308999,7,70% + 10%,0,196758,28302,0,650,12742,0,0,1355,0,0,3059,876,0,69,182,0,0,23,0,0,1114,33,301,340,123013,47376,0,3886,11503,0,0,1155,0,0,57136,2197,16680,18541
2026-04-20,International,6582,324584,70877,310147,7,55%/50%/45%,0,176381,22955,0,546,31669,0,0,1445,0,0,2478,783,0,62,408,1,0,12,0,0,1210,86,304,331,109279,42430,0,3601,24335,45,0,525,0,0,62835,5235,15845,17329
2026-04-27,International,5735,287795,62821,277579,7,55% + 15%,0,121859,21443,0,489,37770,0,0,1400,0,0,1639,745,0,58,400,0,0,14,0,0,1347,99,297,311,76088,38958,0,3018,23953,0,0,593,0,0,65855,5638,15228,16567
2026-05-04,International,6462,343489,73909,331459,7,55% + 25%/20%/15%,1,158378,17762,0,526,23046,0,0,1388,0,0,2312,858,0,77,359,1,0,11,0,0,1068,165,301,339,121046,48354,0,4239,21689,73,0,506,0,0,55715,10461,15927,18763
2026-05-11,International,5341,281229,59095,274976,7,72%,0,125952,17823,0,541,11038,0,0,2810,0,0,2273,766,0,53,160,0,0,17,0,0,843,108,209,188,116357,42453,0,3113,8881,0,0,841,0,0,44359,5706,11572,10333
2026-05-18,International,5654,291844,65342,283918,7,65% + 15%,1,150784,17483,0,549,11765,0,0,2833,0,0,2209,731,0,79,149,0,0,14,0,0,1035,151,220,239,112368,38288,0,4346,8524,0,0,618,0,0,53508,8877,11747,12854
2026-05-25,International,5034,262605,55196,253446,7,65% + 15%,1,179221,15697,0,527,13539,0,0,2828,0,0,1905,703,0,64,136,0,0,10,0,0,966,79,225,200,96480,38994,0,3470,8750,0,0,608,0,0,49830,4732,12065,10796
2026-06-01,International,4489,228252,46133,220420,7,55%,0,130960,14020,0,530,8066,0,0,2726,0,0,1680,638,0,61,84,0,0,8,0,0,938,89,159,194,81318,34386,0,3128,5081,0,0,410,0,0,47859,5422,8225,10554
2026-06-08,International,4352,215311,46542,208232,7,60% + 20%,1,117722,17121,0,169,7263,0,0,2883,0,0,1654,616,0,20,91,0,0,25,0,0,813,52,229,214,76121,31641,0,894,5270,0,0,1128,0,0,42259,2511,12307,11962
2026-06-15,International,3877,194363,40474,187313,7,70%,1,117335,15775,0,0,8748,0,0,2641,0,0,1445,516,0,0,71,0,0,9,0,0,788,59,256,197,70209,27682,0,0,4125,0,0,414,0,0,38670,3076,13173,10816
2026-06-22,International,4426,205294,46368,195089,7,65% + 15%,1,113848,14249,0,0,7486,0,0,2161,0,0,1526,567,0,0,84,0,0,11,0,0,995,108,295,252,66306,28255,0,0,4865,0,0,517,0,0,46868,4781,14230,13028
2026-06-29,International,5951,275321,61349,257795,7,65% + 15%,1,153150,16945,0,0,8459,0,0,1371,0,0,2516,752,0,0,67,0,0,21,0,0,924,104,421,281,110015,37444,0,0,4015,0,0,996,0,0,43608,5047,20476,14936
2026-07-06,International,5114,240059,50860,225695,7,65%,1,151007,17515,0,0,8423,0,0,1355,0,0,2107,616,0,0,56,0,1,20,0,0,850,119,351,258,95990,31775,0,0,3355,0,61,1182,0,0,40824,5604,16961,12880
2026-07-13,International,4514,219779,48453,207327,7,60%,0,142300,16960,0,39,2038,0,0,2366,0,0,1715,556,0,1,18,0,0,49,0,0,790,82,391,222,79753,28637,0,46,1114,0,0,2336,0,0,38057,4514,21174,11433
2026-07-20,International,6907,333340,76615,311309,7,75%,1,241799,18104,0,972,1413,0,0,2896,0,3122,3018,756,0,55,24,1,0,56,0,0,935,120,430,347,143668,38095,0,2793,1285,21,-25,2676,0,0,46037,6152,22014,17925
2026-07-27,International,9894,459418.37,110242.48,429550.93,7,75%,1,321361.25,21803.74,0,647.43,2289.36,0,0,4974.38,0,2774.6,4898,988,0,70,30,2,0,73,0,0,1247,102,598,454,216958.72,49633.33,0,3441.83,1347.41,100.1,0,3384.32,0,0,58658.7,5070.66,29553.61,23523.92
2026-08-03,International,6428,329989.33,75443.12,313622.36,7,60%,0,257191.42,18609.34,0,1246.6,2799.05,0,0,5392.4,0,1174.43,3085,635,0,46,30,0,0,62,0,0,905,78,417,324,151565.27,34693.54,0,2432.39,2172.13,0,0,2822.24,0,0,48159.21,3868.02,22980.3,18253.78
2026-08-10,International,4910,238285.04,53169.28,229481.72,7,40% + 10% | Up to 70% (clearance),0,178658.94,14542.75,0,2090.19,3405.08,0,0,5460.29,0,4515.91,2169,478,0,29,36,0,0,85,0,0,721,77,245,204,98809.11,25543.39,0,1909.14,2353.89,0,0,4067.4,0,0,36367.8,4042.55,12337.15,10518.85
2024-08-05,Total,28513,1440804,285680,1415634,7,70% + 10%,0,599111,48444,25827,6224,28213,4521,0,28570,108585,0,7376,2486,1105,864,1033,49,0,263,0,0,4055,1177,1842,2731,355171,131993,45458,45553,51304,2506,0,14834,0,0,206484,66736,98102,146946
2024-08-12,Total,37810,1992964,397637,1971234,7,50%/45%/40%,0,684665,50298,41153,5861,64189,8361,0,25398,92750,0,10668,3074,2613,1016,1746,107,0,244,0,0,5689,1856,1948,3202,576987,180025,69753,55423,99122,5906,0,14485,0,0,298173,110772,109744,183133
2024-08-19,Total,33489,1808034,362604,1789486,7,50% + 10%,0,709094,54241,26438,5473,70213,12904,0,23932,87117,0,9627,3189,1561,874,1402,150,0,167,0,0,4414,1187,1895,3148,529442,178318,44523,47111,87360,8937,0,10114,0,0,238013,70376,107146,182156
2024-08-26,Total,40725,2274513,457833,2230968,7,55% + 10%,0,798954,58863,22735,6060,87202,16298,0,16425,98620,0,10758,4061,1156,1082,2574,241,0,101,0,0,5763,1749,2312,3997,608093,235210,37050,60194,150733,13317,0,5939,0,0,316144,102629,135489,237230
2024-09-02,Total,49345,2797232,567179,2740875,7,55% + 10%,0,813101,62944,19511,6205,350829,17849,0,16495,95189,0,10258,4584,916,1212,7130,235,0,84,1,0,7588,2581,2648,4592,565217,268509,33105,69318,418734,12512,0,4258,43,0,423440,159965,155188,273498
2024-09-09,Total,37940,2062742,411537,2037504,7,40%-60% + 10%,0,629912,52151,22145,5747,251497,23375,0,16143,74112,0,7246,3379,1439,921,5140,300,0,46,0,0,5664,1883,2146,3375,385920,195513,53424,50689,283754,16247,0,2300,0,0,311703,113479,125041,193986
2024-09-16,Total,33127,1789759,345150,1778333,7,60% + 10%,0,595693,52788,9262,5438,192945,23476,0,16053,87094,0,6849,2867,613,932,3910,304,0,36,0,0,5664,1451,1861,3046,348646,165299,23871,51715,211522,16038,0,1964,0,0,311834,87856,105532,175230
2024-09-23,Total,32239,1713922,338489,1699248,7,50% + 10%,0,530657,46825,6994,4835,172735,24980,0,17807,90480,0,6416,3027,412,798,3266,321,0,72,0,0,6037,1732,1770,2828,306291,170578,16964,45073,172160,15625,0,4134,0,0,331344,99887,100463,160519
2024-09-30,Total,35670,1838912,352868,1822681,7,60% + 10%,0,621806,41051,3282,3366,178344,28474,0,18998,95194,0,10142,3260,167,768,3255,339,0,126,0,0,5724,1849,1872,2892,471509,178603,6570,42569,163127,17027,0,6651,0,0,304204,107848,103726,163814
2024-10-07,Total,35030,1794632,344262,1779118,7,60% + 10%,0,666545,39399,7174,3846,126752,28614,0,18218,95914,0,11284,3017,678,760,2372,385,0,131,0,0,5688,1594,1826,2789,537575,166207,22496,42513,115598,18812,0,6964,0,0,300912,92613,102022,156535
2024-10-14,Total,38310,2042219,404285,2018280,7,40%-60% + 10%,0,722660,37797,6876,4122,101414,29500,0,18426,80776,0,12148,3399,576,863,2182,444,0,154,0,0,6443,1414,2117,3159,625610,193332,21764,48374,103251,23115,0,8003,0,0,342385,80581,121566,180040
2024-10-21,Total,42792,2215023,440288,2187124,7,65% + 10%,0,833073,41186,8221,4226,189393,32088,0,17897,64843,0,12762,3391,701,919,4040,425,0,172,0,0,6548,1968,1976,3159,615416,190101,25989,50982,189795,18921,0,9576,0,0,350873,114989,109539,175723
2024-10-28,Total,47085,2367150,478302,2309721,7,65% + 10%,0,741964,46210,15036,5375,266550,32562,0,16759,50901,0,12260,4059,1415,1148,6270,514,0,182,0,0,6959,2168,2151,3676,611170,217255,40631,62334,278790,23282,0,9492,0,0,369881,123572,115275,196768
2024-11-04,Total,53757,2718570,538092,2648705,7,40%-60% + 10%,0,765603,62609,36318,6455,411063,41542,0,16951,42570,0,12714,4318,3716,1212,8491,561,0,181,0,0,6884,2190,2434,3927,637516,232335,125672,65404,396871,26642,0,9336,0,0,369167,126684,134005,217731
2024-11-11,Total,88196,4426492,896015,4248107,7,70% + 10%,0,1290360,75049,48518,8239,670698,46107,0,20707,64947,0,22855,7309,3779,1763,14283,527,0,221,0,0,13699,4133,3491,5423,1127109,385771,133519,93714,665978,26217,0,11622,0,0,715800,237253,187261,293716
2024-11-18,Total,79749,4055030,829007,3902438,7,70% + 10%,0,1219386,78965,42791,10602,707759,48057,0,25776,140551,0,19274,7526,4178,1930,12168,567,0,260,0,0,11170,3334,3482,5643,944634,403519,141229,105218,605671,26320,0,12543,0,0,597920,196757,191959,309128
2024-11-25,Total,141020,7193127,1612099,6857150,7,75% + 10%,0,2101642,108080,63488,11618,985424,41551,0,34080,233495,0,37804,15587,4847,2819,15388,523,0,382,0,0,21994,7160,6017,11294,1796121,820815,183121,156078,801625,26525,0,18398,0,0,1156182,431097,325835,611476
2024-12-02,Total,119552,5911385,1287774,5637791,7,75% + 10%,0,1676978,129969,39697,12242,708768,25699,0,22740,120863,0,32438,13514,2489,2823,10802,487,1,242,0,0,19615,5521,5520,9789,1508101,680148,96790,150229,539110,24152,20,11175,0,0,994499,320131,289625,512490
2024-12-09,Total,59449,3058683,631872,3007538,7,50%/45%/40%,0,1025855,80158,34845,9350,145115,24819,0,10510,118452,0,18349,6340,2269,1497,2168,330,0,85,0,0,8385,2373,3148,5739,915913,331744,94111,82234,102599,15679,0,4801,0,0,430972,137613,171650,312179
2024-12-16,Total,68641,3434644,736844,3366435,7,70% + 10%,0,1258907,73713,26290,8265,353435,18611,0,12859,155983,0,23235,6882,1620,1506,5143,334,0,103,0,0,8544,2153,3361,6060,1126714,356541,64177,79841,255174,18541,0,5458,0,0,428214,119725,178644,320071
2024-12-23,Total,71628,3650061,779694,3576626,7,75% + 10%,0,1279201,93181,23100,7868,204110,17681,0,11099,191724,0,26507,7183,1445,1632,3143,390,0,92,1,0,9902,3075,3764,5837,1319147,374255,56844,86548,157825,22058,0,5267,49,0,499853,173517,204512,319152
2024-12-30,Total,90593,4577795,935581,4461272,7,75% + 10%,0,1629019,88928,20557,9604,266216,39069,0,11304,180529,0,33434,9845,1540,2189,4544,557,0,111,0,0,12820,3931,4894,7245,1628725,513703,55823,118434,225782,30139,0,6069,0,0,648359,217125,262896,391858
2025-01-06,Total,59778,3075038,634935,3049276,7,60% + 10%,1,1243861,73132,17753,9300,59141,43737,0,11799,164421,0,22436,6234,1094,1625,1238,520,0,121,0,0,7788,2344,3258,4534,1141656,329135,43248,85096,61360,27920,0,6760,0,0,395138,133309,177197,248180
2025-01-13,Total,56855,2888087,618085,2879298,7,60% + 10%,1,1192972,67181,18464,8223,99893,43497,0,13359,161271,0,22133,6383,1088,1605,1367,523,0,154,0,0,7215,1811,2700,3614,1109465,326474,44490,84398,68187,28384,0,8279,0,0,363470,99884,143504,190516
2025-01-20,Total,61655,3126054,639518,3082210,7,67% + 10%,1,1257890,63642,26468,7823,81263,37899,0,21060,156125,0,25575,6099,1498,1475,1214,508,0,404,0,0,7836,1883,2802,3745,1248170,319181,66266,76582,62852,26933,0,19824,0,0,403219,106210,150950,201359
2025-01-27,Total,51516,2515986,515282,2519230,7,67% + 10%,1,1117780,55200,23936,7934,59625,30455,0,29301,172857,0,20476,5256,1683,1398,1124,452,0,446,0,0,6371,1524,2537,3279,950592,267810,59812,74533,58378,22727,0,23995,0,0,319310,84629,132459,173365
2025-02-03,Total,38311,1904068,387999,1907049,7,50% + 10%,1,844247,43275,27850,7343,76521,29777,0,51175,125910,0,12539,3706,1701,1149,1258,524,0,642,0,0,5047,1716,2052,2680,574336,193865,67716,62079,66269,23281,0,33290,0,0,261459,101974,107764,144624
2025-02-10,Total,48582,2389520,496209,2350318,7,65% + 15%,1,849472,44561,37841,6973,258434,36916,0,61396,115697,0,15140,3807,2064,1160,4371,629,0,830,0,0,6267,2262,2524,3320,703218,193867,77024,59953,229910,27479,0,42223,0,0,313126,126907,132711,172405
2025-02-17,Total,63201,3146657,642511,3074164,7,65% + 15%,1,1156162,63714,53335,8026,245008,41878,0,75213,112648,0,22787,4813,2708,1492,4482,672,0,958,0,0,7056,2590,3439,4480,1078776,249770,102180,81411,235417,29223,0,49719,0,0,361177,149134,182520,241975
2025-02-24,Total,49631,2506233,492901,2468801,7,60% + 15%,1,969153,44436,36504,7506,134154,37951,0,65600,123056,0,17399,3883,1944,1202,2036,507,0,754,0,0,7171,2228,2772,3563,821485,203411,74297,64837,109265,24366,0,39021,0,0,376007,131531,152960,194143
2025-03-03,Total,50900,2558902,514303,2506440,7,60% + 15%,1,1050379,51997,43281,6893,125084,29502,0,61470,120656,0,19013,4517,3344,1127,2054,413,0,767,0,0,5844,1976,2767,3525,920497,240855,125414,61234,106045,20686,0,40478,0,0,298076,115595,151049,195618
2025-03-10,Total,41423,2116331,422720,2083748,7,45%,0,835268,41244,54391,5283,124668,24619,0,61548,116359,0,13945,3307,3584,901,1637,289,0,660,0,0,5413,1360,2340,3024,694276,179956,129682,47911,87080,15503,0,35021,0,0,276669,79997,130239,169021
2025-03-17,Total,44263,2394262,498854,2382893,7,60% + 10%,1,867807,39482,46572,4328,136504,24313,0,48963,129198,0,15802,3679,2637,892,2129,293,0,515,0,0,5741,1972,2474,3018,858423,205755,110366,49910,119377,15908,0,28749,0,0,302539,116427,139802,170144
2025-03-24,Total,45470,2442301,548861,2408476,7,55%,1,933187,17556,38576,4664,169169,17528,0,39680,149160,0,17628,1724,2633,938,2213,222,0,391,0,0,5700,1696,4180,3295,935702,92306,114238,51849,119459,11417,0,20511,0,0,301558,97992,247664,189001
2025-03-31,Total,46311,2499396,553658,2461208,7,60% + 20%,1,1011949,54721,31741,4223,131181,14702,0,35169,143788,0,18028,4201,1654,949,2105,197,0,390,0,0,5369,1806,2764,3510,945136,237774,72438,51931,114292,10478,0,20502,0,0,295593,109754,157395,200302
2025-04-07,Total,38267,2077397,451503,2073402,7,60% + 20%,1,824089,47420,38177,4334,119741,14548,0,37504,132218,0,12742,2899,2066,775,2060,181,0,317,0,0,5664,1254,2363,2877,680356,163417,101926,44643,114791,9607,0,17175,0,0,298900,72104,133143,165212
2025-04-14,Total,42931,2219463,478215,2177464,7,50%,0,888731,35272,52554,3621,119646,15629,0,34686,132482,0,16464,3129,3060,744,2231,303,0,330,0,0,5472,1316,2078,2246,831384,169168,126918,40842,121989,14002,0,16243,0,0,284534,76755,115383,124629
2025-04-21,Total,50230,2611813,571290,2545305,7,50%/45%/40%,0,955602,49086,54070,3952,114882,21889,0,25145,128666,0,18620,4617,3078,929,2124,379,0,278,0,0,6889,2187,2046,2391,943074,254987,129268,48602,113381,17342,0,13204,0,0,367990,127669,114627,134457
2025-04-28,Total,59812,3071041,661054,2971151,7,55% + 15%,0,1193671,49404,82056,4220,119432,21227,0,27629,125288,0,26176,4583,4015,921,1872,287,0,400,0,0,7356,2125,2174,2204,1296917,254000,183122,49928,100186,14000,0,19156,0,0,386893,122904,122548,121363
2025-05-05,Total,59931,3066303,658038,2963990,7,55% + 15-25%,1,1205891,52550,53202,5768,110207,19087,0,44245,110733,0,24747,5614,2364,1100,2122,260,0,632,0,0,7940,2617,1756,1796,1212636,305116,115847,57969,110960,12115,0,31742,0,0,409592,153917,95705,98618
2025-05-12,Total,46595,2333885,498052,2293464,7,50%/45%/40%,0,982593,36977,78206,5538,98502,14989,0,38853,116311,0,18676,4885,2330,951,1864,123,0,482,0,0,6415,1516,1749,1883,901622,259864,102386,49618,96406,6089,0,24629,0,0,326864,86296,95918,102133
2025-05-19,Total,57932,2821490,616010,2745829,7,65% + 15%,1,1065208,53172,231343,5455,136499,10945,0,27713,119701,0,19188,4919,8330,956,2512,101,0,218,0,0,7869,2425,2659,3188,920763,259746,329952,49420,129661,5204,0,10253,0,0,396066,134132,145073,176438
2025-05-26,Total,53406,2662723,575247,2593609,7,65% + 15%,1,972078,75957,69934,6135,156836,10928,-698,18250,127241,0,18319,5213,3356,1086,3227,124,0,174,0,0,7761,2487,2899,3347,873278,276403,126096,56859,173717,5493,0,8190,0,0,390961,147506,154410,183387
2025-06-02,Total,46226,2260985,488604,2210169,7,55%,1,888366,56980,73635,6092,94448,8562,-4883,14059,124738,0,15715,4551,3277,897,1788,99,0,114,0,0,7069,1902,2475,2921,749410,236874,110237,45982,95905,5004,0,5342,0,0,351586,107856,130395,158937
2025-06-09,Total,33032,1631194,365675,1630410,7,55% + 20%,1,687940,49979,45711,5507,103629,6969,-4883,11710,107732,0,10504,3374,1955,763,1160,105,0,109,0,0,4817,1291,1966,2213,506528,177103,71368,40729,59159,5180,0,5600,0,0,238956,72516,103915,116767
2025-06-16,Total,29467,1496939,333410,1522607,7,55% + 20%,1,658813,30300,33201,3716,64465,8081,3517,12121,97786,0,9451,3383,1508,738,762,86,71,118,0,0,4529,1482,1802,2036,470001,181651,56986,40098,37922,4386,4138,5830,0,0,232180,83677,94862,111255
2025-06-23,Total,35432,1824938,408841,1820651,7,60% + 15%,1,820376,50468,35792,2987,66927,10425,5635,15558,112668,0,11288,2907,1440,729,1077,96,100,136,0,0,5135,1289,1982,2344,563163,153097,53071,38570,56936,4729,6073,7733,0,0,263207,72818,104770,127476
2025-06-30,Total,37003,1906175,437024,1886492,7,60% + 15%,1,855918,48153,38758,7334,145996,12481,12957,14975,135708,41279,11628,3631,1580,906,2012,154,146,94,0,0,5270,1614,2332,2771,580471,193540,58150,49406,106790,8360,9520,4859,0,0,274260,94913,126689,155140
2025-07-07,Total,28156,1426219,322685,1432526,7,60% + 15%,1,560721,35208,131498,7294,80479,12801,6521,16163,112043,72196,7266,2392,4487,685,848,99,111,71,0,0,4493,1363,1506,1866,365840,136258,155947,37646,47268,5712,6987,4257,0,0,237881,78573,86715,109691
2025-07-14,Total,28032,1411069,322025,1414858,7,60% + 15%,1,577089,29796,124218,5813,68805,9096,7501,10124,121038,66290,8262,2244,4385,628,538,102,119,39,0,0,3807,1459,1516,1810,419240,127482,158008,33523,29011,4982,8069,1958,0,0,199726,84493,82835,98827
2025-07-21,Total,36761,1874322,430315,1852016,7,70% + 15%,1,916171,44338,68879,5256,76589,11300,9355,8188,112821,0,14004,3175,2493,739,730,153,156,50,0,0,4757,1630,2131,2437,707981,167380,97342,39571,38666,7748,10068,2405,0,0,242116,95425,115452,134458
2025-07-28,Total,45500,2362401,544579,2326939,7,70% + 15%,1,1054189,101754,98561,6094,79572,17319,21481,9546,112110,0,17169,3568,3249,883,972,244,311,67,0,0,5671,2205,2321,2922,888668,194993,125659,48190,53379,11688,19538,2989,0,0,297256,130272,127214,163287
2025-08-04,Total,32560,1666204,371945,1662159,7,60% + 15%,1,737241,78785,85540,5365,59289,16551,18500,7231,110073,0,12196,2474,2969,627,643,174,259,45,0,0,3900,1302,1592,2043,620956,134349,113678,35616,34064,8092,16230,2375,0,0,204276,76198,88464,114133
2025-08-11,Total,38519,1932330,416401,1912151,7,40% + 10%,0,739733,53015,75476,6077,34928,30119,16255,5595,101872,0,15356,2953,2907,691,343,203,246,80,0,0,5194,1660,1340,1663,754442,159656,116548,38262,18773,9995,15530,3250,0,0,268498,92414,72859,90253
2025-08-18,Total,40398,2006506,444501,1969351,7,60% + 10%,1,858398,72889,84490,6211,35237,53501,25556,7880,91820,0,15914,2711,3364,751,465,300,372,109,0,0,4445,1111,2111,2454,791548,139157,134137,41441,23966,14673,22331,4420,0,0,222818,60929,110398,132831
2025-08-25,Total,50314,2562738,598485,2507288,7,65% + 15%,1,1058640,84177,103896,6185,53991,74475,32455,11336,90209,0,19001,3802,4250,939,719,407,514,155,0,0,6240,1523,2675,3256,976671,202635,168269,50203,34560,19618,30962,6624,0,0,323812,88380,143471,176690
2025-09-01,Total,55222,2763432,629749,2703748,7,65% + 15%,1,1003485,88101,140089,6497,78840,46295,50773,16342,87532,0,18431,3601,7041,977,1139,447,701,337,0,0,6633,2455,2671,3505,948352,193197,250462,52552,56047,21512,41621,15359,0,0,340696,141981,145137,192334
2025-09-08,Total,39510,1976649,430414,1971534,7,45%,1,806466,71568,163405,4945,51184,17609,37827,16873,82900,0,12001,2178,7741,617,475,231,477,257,0,0,4749,1651,1766,2238,621384,119325,304992,33322,24927,11728,28904,11715,0,0,242179,94645,98168,124765
2025-09-15,Total,48981,2484413,550456,2447979,7,67% + 10%,1,971576,70283,161745,3906,73751,12184,27316,17843,77735,0,17080,2495,7365,737,894,189,468,303,0,0,5835,1753,2196,2615,855717,135576,319497,39526,47893,9559,27893,14594,0,0,305864,102596,118966,147539
2025-09-22,Total,46546,2392770,520495,2366266,7,60% + 15%,1,953061,75211,163370,4044,76669,11113,33923,23830,95599,0,14895,2905,7942,837,843,158,523,360,0,0,5105,1468,2224,2961,777361,159357,337623,46551,49118,8716,32484,17252,0,0,262996,84675,122562,167814
2025-09-29,Total,45518,2343966,505692,2320516,7,60% + 15%,1,902442,81141,201202,4491,70193,13664,37978,22785,95885,24355,12969,2526,9580,791,651,68,519,222,0,0,5416,1637,1983,2695,695393,142921,379448,46769,38906,4133,33240,11338,0,0,279890,98262,113369,155678
2025-10-06,Total,43406,2218751,486194,2202490,7,60% + 10%,1,883567,83909,183504,4824,62472,32764,26636,20015,116945,46653,12084,2966,8848,791,502,103,366,154,0,0,4909,2249,2043,2653,660228,168745,329454,46076,28976,5953,23416,8969,0,0,248887,135150,115889,150814
2025-10-13,Total,48032,2511645,563734,2489687,7,50%,1,995868,93098,148099,5145,61116,51033,25840,12287,120226,49787,16613,3771,7708,873,391,155,341,82,0,0,4794,1692,2274,3074,909201,219795,278516,49049,21608,10034,21609,4691,0,0,261123,103059,128683,176476
2025-10-20,Total,43712,2237788,500380,2220726,7,60% + 10%,1,785395,100330,168581,5530,76259,16627,46758,8169,124845,48328,11649,3258,9558,885,555,68,601,30,0,0,4915,1907,1964,2904,646959,180207,341293,50457,31635,4023,37339,1546,0,0,269339,117610,111640,161818
2025-10-27,Total,48440,2342662,531120,2302578,7,65% + 15%,1,760488,103076,203193,5923,61650,-3004,37701,9194,127242,45834,12232,3759,11435,874,616,27,434,76,0,0,5607,2093,1965,3126,635250,203320,386865,49212,34888,1695,27875,3781,0,0,292117,123088,104398,169245
2025-11-03,Total,66974,3636204,868204,3584741,7,65% + 15%,0,1403050,110337,172849,6812,84680,-1618,28903,14519,125064,51562,22998,5498,7572,1351,1330,41,397,131,0,0,7211,2580,2925,4933,1296178,314408,309382,74656,76438,2216,24594,5981,0,0,388207,154418,164786,279953
2025-11-10,Total,60673,3326288,773670,3295389,7,70% + 10%,0,1411185,139101,145760,7153,174392,-3119,37802,10770,90281,50815,18110,5058,6530,1284,2693,51,496,71,0,0,7225,2920,2751,4823,1025066,290295,274063,75073,151468,2715,30538,3360,0,0,397279,172068,154999,279879
2025-11-17,Total,79880,4207952,988884,4130374,7,70% + 10%,0,1702415,156540,187250,7965,351462,-3333,59243,12786,157168,32795,26697,5809,7243,1489,4980,60,634,66,0,0,9783,3405,3083,5784,1383472,321910,328004,82694,271881,3169,38747,3089,0,0,524131,198786,168559,326114
2025-11-24,Total,121981,6187083,1580656,6121695,7,Up to 75% + Extra 25%/20%/15%,1,2303910,197075,308692,9151,507606,81,111628,24032,218415,24558,36188,9857,11546,2073,8075,91,1354,111,0,0,14774,6791,5091,9949,1762428,526529,526307,115723,409837,4300,79856,4984,0,0,760963,392739,267096,530252
2025-12-01,Total,141970,6925444,1716183,6778860,7,Up to 75% + Extra 25%/20%/15%,0,2242076,244269,397662,10692,482225,20967,141698,24468,154475,8600,39393,11319,14504,2375,9161,124,1812,137,0,0,18030,8098,5235,10714,1812354,585836,705593,127755,447490,5801,107398,6252,0,0,862013,425882,258708,562704
2025-12-08,Total,89332,4687285,1085670,4645050,7,70% + 10%,0,1460708,150732,367276,8403,186461,15715,62804,20387,216399,0,24753,7533,13763,1489,3148,66,1020,106,0,0,9757,3579,3472,6991,1252300,426229,668852,85915,174595,3819,64028,4763,0,0,493824,209640,191398,398441
2025-12-15,Total,97671,4870313,1143570,4793139,7,70% + 15%,0,1567396,108930,439034,7067,182329,9669,41720,23523,206907,0,30580,8446,16962,1418,3112,74,666,158,1,0,10068,3520,3600,6279,1482223,456520,747843,79033,169251,3892,42885,6863,40,0,512849,202023,188188,339260
2025-12-22,Total,89345,4669454,1102646,4608236,7,75% + 10%,0,1636451,90941,314552,6951,162919,6571,24964,15657,297112,0,29788,8860,11924,1302,3045,52,387,138,1,0,10590,3547,3518,5194,1539050,488117,553590,76303,166692,2826,23614,5911,38,0,559234,206839,188908,290375
2025-12-29,Total,92059,4966119,1190550,4942821,7,75% + 10%,1,1656930,100260,308898,8448,149247,9339,33562,9700,246441,0,28722,9493,11436,1567,2965,86,519,136,0,0,12331,3949,3741,5763,1514239,542987,555942,90344,160261,4536,31648,6237,0,0,682241,238315,210532,330506
2026-01-05,Total,69250,3545477,809329,3533208,7,75% + 10%,1,1343985,84798,228122,6856,139723,11200,31723,9569,171081,0,22195,6705,8084,1241,2165,83,432,140,0,0,9960,2813,2766,4029,1113089,353914,384334,68302,115918,4324,25891,6410,0,0,525022,152591,145043,217176
2026-01-12,Total,69170,3637896,817068,3640938,7,60% + 10%,1,1284916,91078,306343,6518,99288,8571,20476,6669,141457,1722,19876,6210,10725,1157,1424,48,311,57,2,0,6640,2318,2548,3608,998242,346859,492690,66108,72961,2527,18844,2835,79,0,351891,132856,140049,202790
2026-01-19,Total,61817,3056221,679058,3031422,7,65% + 20%,1,1128136,104543,310083,5825,70531,8327,20769,5699,133282,8101,18724,5500,12300,894,1124,71,308,34,0,0,7170,2345,2321,3121,923711,306969,470314,50168,58889,3820,18843,1685,0,0,380412,135814,128268,175390
2026-01-26,Total,76455,3922068,851734,3833441,7,65% + 10%,1,1669771,131954,221821,6779,70482,8402,25699,5743,139275,13360,26872,7324,9395,1249,1274,64,400,36,0,0,8785,2959,3094,3707,1372395,405483,401068,69409,69117,3469,26583,1761,0,0,454859,164633,168751,204883
2026-02-02,Total,54915,2936274,660920,2903563,7,60% + 10%,1,1314002,129635,183022,7211,69983,6470,15863,12731,150947,12051,15744,6031,6752,1206,1015,33,345,64,0,0,5971,2217,2922,3504,838180,344465,305817,68051,57798,2065,23062,3248,0,0,327319,130963,161385,200381
2026-02-09,Total,46760,2416992,544648,2404411,7,65% + 15%,1,984158,110991,194265,7567,77215,6292,14677,12529,171900,3967,12631,5094,7105,1065,1052,35,311,80,1,0,4983,1959,2284,2911,646180,286674,305113,60559,58400,1703,19999,3607,77,0,262958,114721,125362,163542
2026-02-16,Total,54888,2753896,598391,2726769,7,65% + 15%,1,1198282,115466,170557,7050,89935,6292,13510,6677,192546,3506,17606,5679,5433,1115,1333,27,314,66,0,0,6259,2672,2351,3300,862635,311641,246535,59812,69407,1325,19740,3196,0,0,321721,143924,121374,181388
2026-02-23,Total,51046,2615389,565035,2592646,7,60% + 10%,1,1086900,104695,167626,5923,91604,6303,13235,5590,133927,3588,17610,4998,5316,902,1452,34,273,46,0,0,5550,2654,2042,2710,864882,279974,242468,48956,76314,1650,16911,2392,0,0,291598,152567,111564,155095
2026-03-02,Total,49166,2527442,549735,2515830,7,60% + 10%,1,1178365,114194,98474,5706,108158,6256,21300,5474,139277,7247,16458,4831,4479,911,1682,21,333,47,1,0,5135,2365,2043,2717,798734,272364,208461,50865,87814,1028,20787,2262,63,0,273595,136012,111291,155110
2026-03-09,Total,47829,2391521,526097,2365813,7,55%,0,1053006,111720,80430,5595,120853,31778,28575,4100,130363,10893,14497,4447,4585,790,1751,70,395,37,0,0,5510,2453,1993,2712,692392,241598,214017,43873,91343,3755,24462,1829,0,0,284336,134927,103060,142364
2026-03-16,Total,40627,2038531,438685,2020615,7,65% + 10%,1,920248,89457,93041,5337,104545,29326,27151,4312,154747,39008,12008,3875,4695,706,1422,49,384,33,0,0,4734,2295,1501,2157,570676,209691,210964,39880,77141,2352,23999,1677,0,0,252048,132048,77993,112235
2026-03-23,Total,33344,1746192,372473,1735816,7,70%,1,807066,77610,82083,6036,119167,28815,31386,4159,159854,50615,9886,2957,4056,512,1455,44,375,26,3,0,3401,1690,1026,1562,515568,169970,187119,28804,76974,2158,24292,1335,176,0,174123,91466,55809,88229
2026-03-30,Total,31422,1642470,358015,1623446,7,80% + 80%,1,729510,64143,72479,6408,138428,28858,22978,4231,159186,49076,9328,2966,3388,582,1278,44,325,14,0,0,3788,1646,1201,1552,472220,167433,148700,31909,71436,2368,21064,646,0,0,206563,90916,67577,88636
2026-04-06,Total,33485,1799258,398729,1773737,7,70% + 10%,1,652351,96032,58172,9569,149835,31945,15711,2831,164462,50941,7415,4220,2316,934,1594,25,314,20,0,0,4590,2364,1728,2360,386776,243015,104451,51783,84445,1575,19882,794,0,0,247593,130656,100604,136369
2026-04-13,Total,29571,1497771,315685,1473592,7,70% + 10%,0,619491,76852,46178,8041,164506,32267,16773,2752,191750,47062,8530,3147,2257,655,1655,41,291,34,0,0,3999,1606,1365,1532,389372,176287,94663,36272,90827,1881,18984,1758,0,0,213442,93353,74943,87703
2026-04-20,Total,33502,1704840,376702,1671377,7,55%/50%/45%,0,687121,68731,111132,6938,139638,23771,18319,2840,145529,38002,9561,3318,4166,659,1719,34,324,25,0,0,4249,1713,1599,1556,467572,188159,172866,35406,91892,1802,22602,1279,0,0,224397,98052,87265,87948
2026-04-27,Total,30936,1610211,358791,1583193,7,55% + 15%,0,522675,65349,154789,6401,145428,14079,65223,3698,100590,10678,7355,3113,4305,556,1602,30,547,29,0,0,4668,2088,1345,1547,391434,176617,180818,29435,85111,1321,37065,1403,0,0,238314,111535,73672,89737
2026-05-04,Total,37705,2087681,463292,2047688,7,55% + 25%/20%/15%,1,767184,66373,243744,7509,167545,12549,42990,11249,114592,11466,11938,3724,5497,661,1963,32,495,60,0,0,3813,1842,1433,1694,676913,224976,242255,39224,109364,1899,36207,2979,0,0,209412,109432,82934,102242
2026-05-11,Total,29864,1626248,346900,1614923,7,72%,0,739072,67007,138458,7472,91099,19183,25391,7204,135266,21333,11322,3021,3291,517,1025,24,262,31,0,0,3165,1421,902,1033,619586,175447,147297,29438,53625,1345,18400,1443,0,0,174817,83019,51924,62219
2026-05-18,Total,36109,1929585,425392,1900689,7,65% + 15%,1,811218,73167,120279,7464,106943,29882,27873,5630,129168,26353,12386,3527,2613,682,1293,54,321,37,0,0,4449,2287,1075,1303,662340,199817,113423,38400,69974,2853,21465,1814,0,0,233883,128402,58178,75012
2026-05-25,Total,31418,1684183,361461,1658023,7,65% + 15%,1,850828,73897,112149,6440,108921,42117,25510,6808,111366,22438,10287,3337,2562,663,1334,116,285,37,0,0,4395,1617,1017,1179,552758,189986,107331,38776,75539,5339,18657,2036,0,0,230935,93831,57384,69892
2026-06-01,Total,23498,1197713,242830,1183926,7,55%,0,577500,56472,98834,7310,76671,28358,27786,6906,116845,25817,7644,2575,2265,480,911,105,183,28,0,0,3181,1226,764,880,381368,142517,91290,25818,47005,4708,11597,1460,0,0,162410,67892,44161,50753
2026-06-08,Total,23969,1172311,248734,1160101,7,60% + 20%,1,490553,63460,133419,2661,84085,23182,21382,7073,112859,27648,6887,2385,3186,192,1044,62,222,46,0,0,3187,1400,1091,1109,336295,132013,111778,9903,51827,2973,14053,2274,0,0,161109,70458,59965,64393
2026-06-15,Total,21277,1022432,215901,1010590,7,70%,1,456145,55664,144998,0,97905,26726,10261,6838,116512,30028,5652,1939,4023,4,786,35,118,30,0,0,2811,1310,1107,957,276993,108397,132230,-370,42797,1511,7870,1434,0,0,141302,68982,60567,53564
2026-06-22,Total,22363,1037555,236040,1016985,7,65% + 15%,1,369307,52628,135095,0,80104,26675,13016,6120,103311,32323,5647,2269,3805,1,743,46,165,29,0,0,3260,1340,1264,1097,260731,118286,129632,-295,40012,2460,9385,1407,0,0,155824,67753,65783,59993
2026-06-29,Total,25834,1213855,274284,1171736,7,65% + 15%,1,516881,52414,84678,0,88266,28454,12472,7616,125321,18693,8830,2460,2077,1,866,70,173,76,0,0,3150,1420,1542,1256,399942,131535,75945,-191,46265,3507,9667,4016,0,0,149580,68997,78052,67412
2026-07-06,Total,23721,1124137,235448,1093786,7,65%,1,508179,59440,77092,0,84482,30007,11951,6170,168973,22818,7830,2095,2130,1,654,96,143,43,0,0,3183,1213,1384,1121,359334,113577,80647,6,35379,4176,8718,2412,0,0,151102,60991,70504,60495
2026-07-13,Total,22418,1045345,223077,1019120,7,60%,0,467381,55085,110852,568,77136,32221,7381,7338,165128,20281,6528,2108,3171,27,691,119,96,92,0,0,2932,1029,1317,1070,303627,113245,100596,1342,37531,5518,7412,4392,0,0,140478,51776,70020,56743
2026-07-20,Total,28368,1308848,293240,1262434,7,75%,1,643212,67933,116197,11148,93395,28091,13371,7762,162440,28344,8565,2562,4117,474,737,81,179,81,0,0,3261,1348,1430,1342,391086,136387,131034,24551,37602,3811,11324,3876,0,0,161532,68350,74829,70932
2026-07-27,Total,34140,1514603.87,346443.64,1457994.53,7,75%,1,809317.43,67813.31,162120.07,6046.06,115057.94,13386.06,10282.26,9334.84,170835,23434.81,10842,2887,5429,465,1407,39,146,105,0,0,3782,1331,1562,1467,474720.63,149602.01,175766.33,23208.22,61505.72,1543.48,8875.41,4855.65,0,0,176289.42,63682.42,79411.11,77310.98
2026-08-03,Total,27377,1319709.54,281351.93,1280229.04,7,60%,0,729196.7,63616.79,139471.47,8539.58,85562.64,13406.92,12388.8,8838.14,120588.86,19722.41,8482,2315,5039,396,803,28,179,84,0,0,3039,1010,1285,1072,407776.27,130438.03,169011.19,20796.33,42996.65,1088.16,10333.53,3897.17,0,0,159728.46,55532.99,73063.83,62596.88
2026-08-10,Total,23646,1092344.05,226993.1,1071951.29,7,40% + 10% | Up to 70% (clearance),0,666339.42,55422.42,98410.38,9330.48,61466.75,13318.32,13342.99,8210.17,110263.86,18597.07,7815,1943,3099,344,586,38,196,105,0,0,2734,979,881,846,349797.93,105132.67,105839.57,18204.01,31760.07,1797.76,11049.81,5039.66,0,0,131878.48,48655.25,45648.73,45652.68
2024-08-05,UK,1557,67977,10760,58520,7,70% + 10%,0,39558,3331,0,198,0,0,0,0,0,0,423,349,0,29,1,0,0,0,0,0,300,0,134,129,17217,15471,0,1471,0,0,0,0,0,0,12603,0,6241,6139
2024-08-12,UK,2615,133561,22552,118135,7,50%/45%/40%,0,71715,4629,0,300,0,0,0,0,0,0,1042,520,0,36,0,0,0,0,0,0,499,0,152,194,53237,27851,0,2025,0,0,0,0,0,0,23578,0,8094,10644
2024-08-19,UK,3648,194421,33315,171375,7,50% + 10%,0,104529,5768,0,263,0,0,0,0,0,0,1428,724,0,49,0,0,0,0,0,0,686,0,233,280,76324,37780,0,2764,0,0,0,0,0,0,35307,0,13249,15876
2024-08-26,UK,6378,372561,67559,333999,7,55% + 10%,0,180596,7105,0,383,0,0,0,0,0,0,2631,1156,0,57,0,0,0,0,0,0,1084,0,403,562,157814,66393,0,3110,0,0,0,0,0,0,59057,0,23993,33558
2024-09-02,UK,6538,384225,70546,347346,7,55% + 10%,0,229234,8061,0,652,0,0,0,0,0,0,2457,1254,0,89,0,0,0,0,0,0,1160,0,397,633,147401,72199,0,4857,0,0,0,0,0,0,65070,0,23276,37917
2024-09-09,UK,4705,266609,47640,244325,7,40%-60% + 10%,0,178358,6382,0,467,0,0,0,0,0,0,1633,960,0,66,0,0,0,0,0,0,882,1,277,488,96413,53588,0,4188,0,0,0,0,0,0,48221,43,15066,27510
2024-09-16,UK,3894,204261,35336,188528,7,60% + 10%,0,143273,5111,0,365,0,0,0,0,0,0,1308,680,0,53,0,0,0,0,0,0,946,0,214,348,67791,36424,0,2475,0,0,0,0,0,0,50993,0,11236,18620
2024-09-23,UK,3646,191565,34395,176115,7,50% + 10%,0,105531,4821,0,305,0,0,0,0,0,0,917,776,0,49,0,0,0,0,0,0,968,0,216,350,46340,40386,0,2431,0,0,0,0,0,0,51456,0,11817,18859
2024-09-30,UK,4070,210146,35745,192026,7,60% + 10%,0,115492,4930,0,335,0,0,0,0,0,0,1455,836,0,54,0,1,0,0,0,0,787,0,245,345,74294,42698,0,2928,0,72,0,0,0,0,41086,0,12667,18667
2024-10-07,UK,3589,180160,30947,166217,7,60% + 10%,0,102388,4362,0,346,0,0,0,0,0,0,1477,623,0,36,0,0,0,0,0,0,763,0,178,270,74457,30602,0,2071,0,0,0,0,0,0,37342,0,9670,13695
2024-10-14,UK,4232,210338,37257,191468,7,40%-60% + 10%,0,97385,4988,0,366,0,0,0,0,0,0,1781,602,0,44,0,0,0,0,0,0,851,0,187,332,87516,29883,0,2601,0,0,0,0,0,0,42164,0,8837,17234
2024-10-21,UK,3739,194258,34110,176088,7,65% + 10%,0,97306,5100,0,347,0,0,0,0,0,0,1407,581,0,50,0,0,0,0,0,0,763,0,192,315,73167,30250,0,2438,0,0,0,0,0,0,38339,0,10097,16814
2024-10-28,UK,5009,255782,44776,231586,7,65% + 10%,0,121810,7136,0,474,0,0,0,0,0,0,2005,872,0,62,1,0,0,0,0,0,901,0,251,405,101788,43156,0,3645,0,0,0,0,0,0,46905,0,12897,21424
2024-11-04,UK,6138,318540,54733,293178,7,40%-60% + 10%,0,185872,9745,0,486,0,0,0,0,0,0,2870,958,0,58,0,0,0,0,0,0,1006,0,251,447,144843,49869,0,3358,0,0,0,0,0,0,52863,0,13657,24602
2024-11-11,UK,13633,662000,119175,589809,7,70% + 10%,0,359980,13999,0,822,0,0,0,0,0,0,6227,2139,0,131,1,0,0,0,0,0,2613,28,547,944,288992,104842,0,6625,0,0,0,0,0,0,132708,1217,28343,49082
2024-11-18,UK,12657,619412,110850,544590,7,70% + 10%,0,370808,15148,0,1244,0,0,0,0,0,0,5512,2324,0,178,2,0,0,0,0,0,1997,2,627,1038,257362,117041,0,9545,0,0,0,0,0,0,101428,138,31977,53884
2024-11-25,UK,28572,1266290,241670,1106057,7,75% + 10%,0,639678,22833,0,1491,0,0,0,0,0,0,12792,5110,0,306,4,0,0,0,0,0,4360,2,1191,2471,534848,234506,0,15232,0,0,0,0,0,0,204390,104,56826,117032
2024-12-02,UK,26724,1162898,217918,1022086,7,75% + 10%,0,580509,22176,0,1584,0,0,0,0,0,0,11431,4828,0,312,1,0,0,0,0,0,4299,22,1180,2375,474808,215882,0,14519,0,0,0,0,0,0,193690,1104,54810,111874
2024-12-09,UK,13425,643162,116039,584107,7,50%/45%/40%,0,327727,16878,0,1138,0,0,0,0,0,0,5503,2390,0,173,0,0,0,0,0,0,2156,0,689,1376,258271,114501,0,8980,0,0,0,0,0,0,103683,-13,33239,69511
2024-12-16,UK,11528,521532,96545,473686,7,70% + 10%,0,289075,14710,0,859,0,0,0,0,0,0,5090,1989,0,115,1,0,0,0,0,0,1755,4,568,966,225395,89964,0,5491,0,0,0,0,0,0,81247,170,26144,45647
2024-12-23,UK,11677,527232,99060,483481,7,75% + 10%,0,258415,13350,0,613,0,0,0,0,0,0,5294,1962,0,86,0,1,0,0,0,0,2166,8,570,814,235109,89140,0,3489,0,38,0,0,0,0,97748,343,26793,39571
2024-12-30,UK,15825,687653,124127,628193,7,75% + 10%,0,361236,14997,0,958,0,0,0,0,0,0,7535,2706,0,159,0,0,0,0,0,0,2703,0,799,1019,312856,120599,0,7491,0,0,0,0,0,0,122053,0,36239,47851
2025-01-06,UK,10056,459745,84945,428810,7,60% + 10%,1,239655,14365,0,783,0,0,0,0,0,0,4115,1931,0,148,0,1,0,0,0,0,1816,4,554,723,188037,87697,0,7115,0,35,0,0,0,0,82250,136,25845,33891
2025-01-13,UK,10816,482736,92212,448197,7,60% + 10%,1,261257,16469,0,896,0,0,0,0,0,0,4847,2126,0,146,0,0,0,0,0,0,1666,8,505,620,213500,94411,0,6927,0,0,0,0,0,0,75706,396,22754,28998
2025-01-20,UK,11124,505388,94230,470513,7,67% + 10%,1,249307,12322,0,1026,0,0,0,0,0,0,5190,1770,0,149,0,0,0,0,0,0,1896,25,529,646,227740,80303,0,6931,0,0,0,0,0,0,89386,1173,24855,31364
2025-01-27,UK,10508,443540,79095,413032,7,67% + 10%,1,240733,8130,0,838,0,1635,0,0,0,0,5032,1725,0,155,0,59,0,0,0,0,1558,69,537,641,202450,73887,0,7473,0,2534,0,0,0,0,68222,3327,24663,29024
2025-02-03,UK,6835,286433,50551,264422,7,50% + 10%,1,169520,7602,0,767,0,8380,0,5529,0,0,2779,1135,0,99,0,191,0,80,0,0,1174,80,401,450,109627,49081,0,4634,0,7347,0,2741,0,0,52090,3751,17534,20135
2025-02-10,UK,8111,349914,63755,320688,7,65% + 15%,1,169183,6796,0,681,0,15859,0,12679,0,0,3540,1070,0,98,0,276,0,156,0,0,1398,122,463,523,146190,46782,0,4448,0,10558,0,7277,0,0,61126,6208,20874,24779
2025-02-17,UK,11643,500037,88837,456741,7,65% + 15%,1,253016,9527,0,923,0,20901,0,19127,0,0,5628,1582,0,141,0,302,0,142,0,0,1517,158,743,799,227701,70368,0,6426,0,12258,0,6903,0,0,68575,7987,34072,37443
2025-02-24,UK,12152,544473,93896,499297,7,60% + 15%,1,265687,8217,0,857,0,13968,0,12404,0,0,5516,1592,0,132,0,184,0,108,0,0,2216,172,664,844,234964,73044,0,6418,0,8114,0,5344,0,0,103377,8522,31695,40190
2025-03-03,UK,14740,700049,127659,645976,7,60% + 15%,1,395134,8601,0,797,0,9367,0,8500,0,0,7819,2027,0,152,1,131,0,58,0,0,1811,187,794,1012,363400,98475,0,7636,0,6265,0,3033,0,0,85475,9965,38847,50275
2025-03-10,UK,11244,550781,100281,512536,7,45%,0,311496,4671,0,815,0,7038,0,6763,0,0,5156,1822,0,138,0,81,0,42,0,0,1996,109,687,869,245426,93540,0,7088,0,4102,0,2525,0,0,94743,6004,35248,45193
2025-03-17,UK,10765,575590,113722,544134,7,60% + 10%,1,297010,3474,0,711,0,6997,0,6419,0,0,4927,1845,0,104,0,99,0,59,0,0,1864,119,731,774,264952,99185,0,5458,0,5660,0,3420,0,0,94804,6640,41264,42299
2025-03-24,UK,11709,625462,138251,588086,7,55%,1,312637,1695,0,753,0,5564,0,4568,0,0,5828,941,0,138,0,81,0,44,0,0,1762,126,1575,923,305160,50282,0,6895,0,3970,0,2554,0,0,92590,6641,90946,50640
2025-03-31,UK,8461,444635,95035,420646,7,60% + 20%,1,218080,4234,0,603,0,7702,0,3586,0,0,3711,1628,0,137,0,93,0,25,0,0,1362,102,584,591,191985,86402,0,7722,0,5207,0,1525,0,0,71252,5639,31613,31782
2025-04-07,UK,5751,294604,60893,279726,7,60% + 20%,1,143774,3051,0,629,0,6196,0,3478,0,0,2407,879,0,84,0,75,0,23,0,0,1203,67,377,396,123264,45043,0,4607,0,3843,0,1478,0,0,59847,3301,19505,21343
2025-04-14,UK,7404,370939,73912,342857,7,50%,0,168792,2703,0,518,0,6518,0,3073,0,0,3290,1205,0,69,0,123,0,25,0,0,1492,59,426,387,160042,63203,0,3591,0,5510,0,1100,0,0,75055,3159,21912,20440
2025-04-21,UK,9241,461099,93156,424351,7,50%/45%/40%,0,192717,3818,0,596,0,8260,0,2831,0,0,4214,1554,0,109,0,118,0,19,0,0,1715,93,452,424,201970,79902,0,5341,0,5318,0,1173,0,0,86313,4778,25137,23067
2025-04-28,UK,10762,522950,103021,478084,7,55% + 15%,0,230826,9102,0,572,0,6490,0,5738,0,0,5285,1355,0,103,0,64,0,72,0,0,1913,79,488,393,245125,67681,0,5194,0,3407,0,3952,0,0,96387,4188,26413,20338
2025-05-05,UK,10545,483696,94549,439022,7,55% + 15-25%,1,210890,10675,0,584,0,4782,0,15602,0,0,4711,1492,0,122,1,54,0,161,0,0,2069,61,349,300,204836,70595,0,5637,0,2572,0,8886,0,0,98108,3015,16903,14733
2025-05-12,UK,6918,314505,60264,291078,7,50%/45%/40%,0,146646,4537,0,514,0,3498,0,11961,0,0,2872,1168,0,101,0,17,0,103,0,0,1359,57,337,350,123080,54747,0,4354,0,763,0,5703,0,0,62789,2898,16293,16529
2025-05-19,UK,8747,398712,79546,364802,7,65% + 15%,1,189922,5703,0,574,0,2922,0,7079,0,0,3726,1256,0,92,1,17,0,69,0,0,1837,60,608,542,162313,59351,0,4339,0,784,0,3552,0,0,86008,3286,29446,26171
2025-05-26,UK,9839,440669,84397,399335,7,65% + 15%,1,192262,7884,0,475,0,2777,0,5332,0,0,4370,1508,0,103,0,41,0,47,0,0,1856,58,655,661,186478,71809,0,4609,0,1612,0,2192,0,0,84464,2941,31801,30978
2025-06-02,UK,10530,463890,91293,426824,7,55%,1,193708,8909,0,595,0,1988,0,3754,0,0,4351,1585,0,117,0,24,0,23,0,0,2278,93,665,630,185961,72494,0,5163,0,968,0,1102,0,0,100924,4581,30781,29204
2025-06-09,UK,6475,295201,57410,271587,7,55% + 20%,1,132762,8594,0,481,0,1641,0,3975,0,0,2529,921,0,76,0,30,0,37,0,0,1246,33,463,409,109006,44332,0,3912,0,1290,0,1892,0,0,57262,1799,23094,19647
2025-06-16,UK,4626,217355,41727,201673,7,55% + 20%,1,89763,3511,0,326,0,2106,0,4277,0,0,1685,767,0,57,0,26,0,51,0,0,950,53,305,286,77202,36574,0,2637,0,1220,0,2602,0,0,44264,2758,14682,14780
2025-06-23,UK,5768,263525,51848,244181,7,60% + 15%,1,117975,7391,0,379,0,2145,0,5486,0,0,2155,780,0,72,0,23,0,45,0,0,1363,39,377,323,92955,36413,0,3449,0,1179,0,2715,0,0,64625,1900,18203,15635
2025-06-30,UK,5757,267085,54608,249130,7,60% + 15%,1,138451,8044,0,782,0,2774,0,3864,0,0,2276,783,0,74,0,26,0,21,0,0,983,35,384,403,100210,37516,0,3583,0,1329,0,947,0,0,46466,1683,18750,20377
2025-07-07,UK,3663,175975,35102,165377,7,60% + 15%,1,88976,5570,0,715,0,3986,0,3834,0,0,1209,438,0,56,1,36,0,9,0,0,910,41,269,221,54688,21699,0,2917,0,2046,0,622,0,0,43648,1958,13806,11590
2025-07-14,UK,3229,153295,30861,144095,7,60% + 15%,1,58466,4619,0,620,0,2480,0,2477,0,0,1040,379,0,51,1,23,0,7,0,0,791,58,222,249,45842,18515,0,2677,0,1078,0,435,0,0,38126,3211,11416,11902
2025-07-21,UK,5617,253224,51110,234165,7,70% + 15%,1,118601,5543,0,599,0,2139,0,1382,0,0,2345,775,0,64,0,31,0,4,0,0,1014,43,407,360,101908,34493,0,3200,0,1562,0,166,0,0,47244,2225,19553,17055
2025-07-28,UK,5911,266753,54243,247246,7,70% + 15%,1,122484,6185,0,707,0,3720,0,1397,0,0,2305,792,0,61,0,52,0,10,0,0,1137,87,410,393,100869,35935,0,2763,0,2270,0,416,0,0,52297,4271,19546,18944
2025-08-04,UK,4338,184140,35612,170749,7,60% + 15%,1,77628,6563,0,501,0,1931,0,1433,0,0,1849,533,0,38,0,23,0,14,0,0,773,44,241,283,73659,24091,0,2080,0,963,0,652,0,0,34000,2306,10909,13368
2025-08-11,UK,7217,313673,58845,289145,7,40% + 10%,0,122449,7712,0,559,0,677,0,1428,0,0,3457,823,0,70,0,17,0,13,0,0,1255,96,306,279,141604,38886,0,3188,0,692,0,650,0,0,57560,4234,14413,13799
2025-08-18,UK,8017,364613,72683,338603,7,60% + 10%,1,178646,13177,0,685,0,551,0,1360,0,0,3657,952,0,83,0,15,12,8,0,0,1220,54,507,462,161789,44251,0,4340,0,626,634,422,0,0,56902,2830,23797,22236
2025-08-25,UK,7875,372274,78834,348503,7,65% + 15%,1,163357,14411,0,655,0,1198,0,2338,0,0,3150,922,0,88,0,29,16,12,0,0,1471,53,537,506,147340,44303,0,4407,0,1133,972,703,0,0,70512,2689,26196,23895
2025-09-01,UK,7316,349492,74004,327655,7,65% + 15%,1,159626,14467,0,641,0,2133,0,2729,0,0,2958,793,0,69,0,34,12,76,0,0,1365,41,469,488,139934,38171,0,3732,0,1544,624,2791,0,0,66145,2350,22938,24053
2025-09-08,UK,5474,266188,54013,253749,7,45%,1,125673,12644,0,497,0,3227,0,2854,0,0,2041,543,0,59,0,22,10,66,0,0,1210,37,346,361,98900,26908,0,2926,0,1164,609,2637,0,0,57272,1992,17190,19518
2025-09-15,UK,6478,295287,60019,278764,7,67% + 10%,1,149209,12760,0,347,0,3089,0,3916,0,0,2792,581,0,68,0,22,2,92,0,0,1285,32,375,377,120716,28197,0,3448,0,995,81,3749,0,0,61861,1683,18049,18635
2025-09-22,UK,5400,250556,51432,240825,7,60% + 15%,1,119592,12462,0,371,0,1678,0,5538,0,0,1942,576,0,49,0,13,1,73,0,0,1088,39,367,380,89951,27609,0,2837,0,578,38,2828,0,0,50033,1896,17043,17744
2025-09-29,UK,5098,242469,49755,235261,7,60% + 15%,1,112475,12803,0,452,0,390,0,3417,0,0,1841,514,0,64,0,2,0,23,0,0,1088,28,322,369,86129,24239,0,3504,0,75,0,1014,0,0,52276,1518,15907,17940
2025-10-06,UK,3954,188910,40295,186509,7,60% + 10%,1,102636,13070,0,349,0,0,0,1916,0,0,1320,426,0,56,0,0,0,15,0,0,911,39,267,281,63840,19793,0,3016,0,-17,0,807,0,0,42073,2183,13595,13821
2025-10-13,UK,5979,289930,63477,283495,7,50%,1,132482,13696,0,427,0,0,0,1335,0,0,2786,692,0,56,0,1,0,4,0,0,888,30,360,426,135760,33688,0,2911,0,-16,0,205,0,0,41775,1644,17319,21814
2025-10-20,UK,5494,276849,59842,267859,7,60% + 10%,1,159140,14081,0,555,0,0,0,2219,0,0,2162,677,0,78,0,0,0,11,0,0,967,46,368,433,111037,33995,0,4461,0,0,0,684,0,0,46753,2917,18341,22535
2025-10-27,UK,9657,435277,107531,411281,7,65% + 15%,1,212506,17975,0,578,0,0,0,3463,0,0,3892,1223,0,119,0,0,0,38,0,0,1660,53,581,754,172959,56611,0,6390,0,-20,0,1578,0,0,75075,2309,26979,35836
2025-11-03,UK,12460,583576,151093,559432,7,65% + 15%,0,297384,22756,0,689,0,0,0,6135,0,0,5103,1633,0,168,0,0,0,86,0,0,1935,69,737,1038,238682,78454,0,8013,0,0,0,3666,0,0,89736,3465,35671,49406
2025-11-10,UK,8324,389904,93053,376684,7,70% + 10%,0,195602,23587,0,527,0,0,0,4143,0,0,2807,1195,0,124,1,1,0,35,0,0,1528,71,581,820,128418,57464,0,6244,0,46,0,1447,0,0,72170,3975,27050,40118
2025-11-17,UK,14307,659421,154958,628444,7,70% + 10%,0,389149,29844,0,890,0,0,0,4161,0,0,6166,1739,0,176,0,0,0,34,0,0,2302,75,772,1352,276945,84390,0,9559,0,0,0,1407,0,0,106449,3696,36005,64119
2025-11-24,UK,19205,825225,212258,806200,7,Up to 75% + Extra 25%/20%/15%,1,507697,34891,0,1094,0,751,0,4054,0,0,7265,2539,0,229,1,1,0,48,0,0,3465,73,1149,2170,299777,113174,0,10925,0,50,0,2079,0,0,152973,3278,49977,94945
2025-12-01,UK,17425,734930,177950,687325,7,Up to 75% + Extra 25%/20%/15%,0,369259,32544,0,915,0,2442,0,4132,0,0,5939,2374,0,208,1,0,0,46,0,0,3812,111,919,1743,245052,104181,0,9795,0,0,0,2219,0,0,156657,5464,38764,77805
2025-12-08,UK,9469,418637,93078,397876,7,70% + 10%,0,111555,22285,0,757,0,2883,0,2543,0,0,2484,1372,0,124,0,0,0,30,0,0,2008,53,564,1166,103858,63772,0,5930,0,0,0,1528,0,0,88579,2544,24701,54150
2025-12-15,UK,10185,436809,97489,411306,7,70% + 15%,0,178092,19856,0,596,0,1662,0,4047,0,0,3533,1494,0,125,0,1,0,44,0,0,1922,38,590,969,143104,65526,0,5569,0,35,0,1783,0,0,87731,1714,24971,42881
2025-12-22,UK,12215,567725,128148,535730,7,75% + 10%,0,281328,16025,0,533,0,1401,0,3520,0,0,4974,1865,0,77,0,0,0,21,0,0,2381,58,615,808,232467,88490,0,3736,0,0,0,1033,0,0,110097,2840,27969,37572
2025-12-29,UK,13215,638680,150393,610771,7,75% + 10%,1,318965,19797,0,640,0,1392,0,2739,0,0,5050,1844,0,133,1,1,0,26,0,0,3007,71,650,874,241276,90466,0,6448,0,72,0,1277,0,0,147071,3750,32786,42001
2026-01-05,UK,10715,500037,111015,478381,7,75% + 10%,1,240359,17466,0,613,0,1402,0,2078,0,0,4086,1425,0,116,0,0,0,9,0,0,2410,53,570,669,188910,66950,0,5410,0,0,0,572,0,0,114238,2811,26353,31043
2026-01-12,UK,8418,403358,87856,388847,7,60% + 10%,1,247730,18052,0,519,0,1379,0,2068,0,0,3627,1156,0,92,0,0,0,7,0,0,1573,42,478,528,170926,57510,0,4639,0,0,0,181,0,0,76663,2063,24745,24739
2026-01-19,UK,7042,333479,73749,323657,7,65% + 20%,1,159647,16906,0,433,0,386,0,1701,0,0,2799,1027,0,79,0,1,0,8,0,0,1508,40,385,391,128696,51340,0,4316,0,44,0,444,0,0,71543,2559,19623,19047
2026-01-26,UK,10142,499867,104434,476818,7,65% + 10%,1,295558,20703,0,484,0,0,0,1386,0,0,4263,1444,0,103,0,0,0,3,0,0,1943,41,521,540,211657,72892,0,5540,0,0,0,133,0,0,93883,2056,25294,26992
2026-02-02,UK,6656,340674,73575,333069,7,60% + 10%,1,192539,23339,0,500,0,0,0,1406,0,0,2196,1126,0,104,0,0,0,5,0,0,1178,62,454,452,114163,59363,0,5381,0,0,0,285,0,0,60200,3289,23119,23645
2026-02-09,UK,4903,250417,54592,246613,7,65% + 15%,1,144670,20473,0,472,0,0,0,1458,0,0,1595,788,0,57,0,0,0,7,0,0,932,42,313,333,84163,41221,0,3231,0,0,0,352,0,0,46227,2373,16016,16029
2026-02-16,UK,5990,290621,63090,283724,7,65% + 15%,1,185864,25708,0,489,0,0,0,1396,0,0,2176,865,0,61,0,0,0,16,0,0,1078,57,321,350,108835,43550,0,3247,0,0,0,799,0,0,51817,3349,14813,16833
2026-02-23,UK,6557,312315,64262,299907,7,60% + 10%,1,178622,24461,0,452,0,0,0,1401,0,0,2675,1010,0,53,0,0,0,9,0,0,1057,54,326,390,124975,51420,0,2880,0,0,0,548,0,0,49790,2733,16805,19484
2026-03-02,UK,7526,348416,70374,333362,7,60% + 10%,1,249312,27971,0,378,0,0,0,1403,0,0,3208,931,0,75,1,0,0,21,0,0,1179,65,355,502,142423,46224,0,4011,0,0,0,1059,0,0,55857,3385,17656,25595
2026-03-09,UK,7158,322010,66993,306690,7,55%,0,175981,28620,0,412,0,0,0,1368,0,0,2654,973,0,65,0,0,0,14,0,0,1248,34,341,505,115616,47404,0,3171,0,0,0,596,0,0,57352,1520,16127,24752
2026-03-16,UK,5556,247855,48918,232514,7,65% + 10%,1,170577,21212,0,309,0,0,0,1432,0,0,2267,703,0,33,0,0,0,16,0,0,894,14,224,296,98489,33360,0,1600,0,0,0,890,0,0,42072,552,10380,14701
2026-03-23,UK,4752,226082,46351,215786,7,70%,1,153581,19901,0,318,0,0,0,1400,0,0,1871,514,0,29,1,1,0,25,0,0,797,33,165,209,87441,25440,0,1347,0,65,0,1306,0,0,37926,1577,8182,10836
2026-03-30,UK,4212,201452,42140,192894,7,80% + 80%,1,129218,15624,0,282,0,0,0,1390,0,0,1329,453,0,24,0,0,0,13,0,0,821,16,147,203,61867,22924,0,1375,0,-17,0,583,0,0,40769,708,7467,9902
2026-04-06,UK,4232,208294,44134,201135,7,70% + 10%,1,126959,22264,0,240,0,0,0,1410,0,0,1317,628,0,40,0,0,0,17,0,0,842,33,222,292,64391,32338,0,2175,0,0,0,710,0,0,42154,1742,11318,14925
2026-04-13,UK,5065,213101,46013,195455,7,70% + 10%,0,149009,19631,0,406,0,0,0,1355,0,0,2411,606,0,42,1,0,0,23,0,0,798,18,189,254,88135,29716,0,2062,0,0,0,1155,0,0,37029,1255,9206,12921
2026-04-20,UK,4324,187914,41941,175594,7,55%/50%/45%,0,129706,15208,0,331,0,0,0,1445,0,0,1863,505,0,39,0,1,0,12,0,0,827,35,193,216,74543,23371,0,1925,0,45,0,525,0,0,38921,1889,8983,9993
2026-04-27,UK,3756,168433,37235,159699,7,55% + 15%,0,89441,14806,0,303,0,0,0,1400,0,0,1283,498,0,33,0,0,0,14,0,0,927,17,196,207,55129,23571,0,1557,0,0,0,593,0,0,40962,606,8907,9943
2026-05-04,UK,4119,195638,42501,184918,7,55% + 25%/20%/15%,1,113817,10862,0,329,0,0,0,1388,0,0,1624,565,0,50,0,0,0,11,0,0,699,37,192,238,78217,28373,0,2218,0,0,0,506,0,0,32802,1882,9137,12264
2026-05-11,UK,3763,183964,38935,176534,7,72%,0,99371,10936,0,360,0,0,0,2810,0,0,1728,562,0,43,0,0,0,17,0,0,574,53,129,139,83855,28757,0,2437,0,0,0,841,0,0,27479,2610,6198,7169
2026-05-18,UK,3851,183512,40821,174061,7,65% + 15%,1,116868,11027,0,277,0,0,0,2833,0,0,1641,504,0,59,0,0,0,14,0,0,682,36,159,160,77762,24354,0,2776,0,0,0,618,0,0,33064,1734,7825,8031
2026-05-25,UK,3641,177685,37144,167862,7,65% + 15%,1,135055,10130,0,338,0,0,0,2828,0,0,1438,540,0,40,0,0,0,10,0,0,714,25,158,154,68807,27636,0,1993,0,0,0,608,0,0,35382,1301,7876,8214
2026-06-01,UK,3332,159409,32545,151598,7,55%,0,106007,9554,0,349,0,0,0,2726,0,0,1323,494,0,47,0,0,0,8,0,0,717,15,117,137,61415,25316,0,2136,0,0,0,410,0,0,34519,936,5573,6972
2026-06-08,UK,3413,160989,34860,153166,7,60% + 20%,1,97692,11705,0,131,0,0,0,2883,0,0,1428,485,0,16,0,0,0,25,0,0,623,13,168,154,64201,24214,0,638,0,0,0,1128,0,0,30609,403,8619,8005
2026-06-15,UK,3158,150759,31680,143607,7,70%,1,102095,10601,0,0,0,0,0,2641,0,0,1296,407,0,0,0,0,0,9,0,0,634,36,199,157,61249,20660,0,0,0,0,0,414,0,0,29432,1611,9523,8220
2026-06-22,UK,3661,163449,37140,153284,7,65% + 15%,1,98582,10132,0,0,0,0,0,2161,0,0,1367,467,0,0,0,0,0,11,0,0,816,76,218,201,58581,22248,0,0,0,0,0,517,0,0,36913,3277,10257,9779
2026-06-29,UK,4784,210781,47228,195116,7,65% + 15%,1,129513,13398,0,0,0,0,0,1371,0,0,2117,613,0,0,0,0,0,20,0,0,736,61,303,216,90033,28740,0,0,0,0,0,941,0,0,32760,2609,13995,11119
2026-07-06,UK,4057,179996,38580,167659,7,65%,1,124757,14194,0,0,0,0,0,1355,0,0,1709,504,0,0,0,0,0,19,0,0,691,68,262,197,74667,24309,0,0,0,0,0,1098,0,0,31741,2839,11742,9167
2026-07-13,UK,3172,144193,32538,135407,7,60%,0,90764,13821,0,29,0,0,0,2366,0,0,1134,440,0,1,0,0,0,49,0,0,585,34,224,155,49335,21560,0,46,0,0,0,2336,0,0,26099,1588,10960,7485
2026-07-20,UK,4898,223079,52455,207590,7,75%,1,154190,14626,0,600,0,0,0,2896,0,2931,2063,575,0,37,1,1,0,56,0,0,684,52,271,255,93681,27327,0,1752,0,21,0,2676,0,0,32024,2319,12790,12209
2026-07-27,UK,7919,348392.97,84313.27,323709.8,7,75%,1,241927.57,18147.04,0,427.88,0,0,0,4974.38,0,2470.54,3965,825,0,56,0,2,0,73,0,0,969,48,442,366,166133.78,39576.67,0,2476.52,0,100.1,0,3384.32,0,0,42778.26,2275.31,20438.78,18097.15
2026-08-03,UK,5055,249529.98,58398.34,235623.58,7,60%,0,202520.73,15198.76,0,886.38,0,0,0,5392.4,0,783.51,2492,532,0,35,0,0,0,62,0,0,667,39,307,245,119166.54,28047.13,0,1776.27,0,0,0,2822.24,0,0,34108.73,1938.81,15913.58,13246.1
2026-08-10,UK,3760,173734.59,39963.19,165593.56,7,40% + 10% | Up to 70% (clearance),0,133040.74,11380,0,1410.96,0,0,0,5460.29,0,3157.82,1685,373,0,19,0,0,0,85,0,0,545,44,175,163,74452.53,18392.85,0,1231.24,0,0,0,4067.4,0,0,25882.37,2264.75,8141.3,8607.6
2024-08-05,US,26761,1361249,272934,1347007,7,70% + 10%,0,558297,43792,25827,5968,28213,4521,0,28570,108585,0,6950,2108,1105,827,1031,49,0,263,0,0,3698,1170,1688,2583,338066,115070,45458,43310,51151,2506,0,14834,0,0,190264,66189,90700,139799
2024-08-12,US,35028,1850190,373525,1844970,7,50%/45%/40%,0,612950,44511,41153,5513,64189,8361,0,25398,92750,0,9624,2522,2613,977,1746,106,0,244,0,0,5131,1853,1778,2995,523791,150503,69753,53270,99122,5820,0,14485,0,0,271050,110589,100666,171832
2024-08-19,US,29721,1606423,328083,1611818,7,50% + 10%,0,603398,47264,26438,5151,70213,12904,0,23932,87117,0,8196,2443,1561,819,1402,150,0,167,0,0,3698,1183,1645,2858,452880,139235,44523,44022,87417,8937,0,10114,0,0,201218,70189,92622,165764
2024-08-26,US,34171,1890224,388551,1887608,7,55% + 10%,0,615897,50630,22735,5634,87202,16298,0,16425,98620,0,8102,2880,1156,1022,2572,241,0,101,0,0,4643,1744,1887,3418,448303,167257,37050,56894,150596,13317,0,5939,0,0,254908,102262,109895,202442
2024-09-02,US,42503,2391347,493339,2376894,7,55% + 10%,0,578597,53816,19511,5489,350829,17849,0,16495,95189,0,7744,3299,916,1115,7129,235,0,84,1,0,6341,2575,2215,3920,413332,194293,33105,63806,418594,12512,0,4258,43,0,352180,159619,129145,232727
2024-09-09,US,33001,1779644,361564,1780421,7,40%-60% + 10%,0,444792,44932,22145,5240,251497,23375,0,16143,74112,0,5567,2392,1439,849,5139,300,0,46,0,0,4725,1878,1839,2863,285407,140222,53424,46033,283625,16247,0,2300,0,0,259871,113203,107617,164800
2024-09-16,US,28970,1566375,307161,1575168,7,60% + 10%,0,444061,46664,9262,5026,192945,23476,0,16053,87094,0,5490,2154,613,878,3909,304,0,36,0,0,4648,1450,1618,2662,276804,126914,23871,49164,211476,16038,0,1964,0,0,256026,87778,91752,154130
2024-09-23,US,28342,1503779,301403,1508968,7,50% + 10%,0,415609,41215,6994,4482,172735,24980,0,17807,90480,0,5453,2224,412,745,3266,320,0,72,0,0,5001,1729,1513,2457,255952,128232,16964,42397,172160,15674,0,4134,0,0,275187,99768,85646,139758
2024-09-30,US,31368,1611931,314696,1617482,7,60% + 10%,0,496226,35298,3282,2966,178344,28474,0,18998,95194,0,8640,2399,167,713,3255,338,0,126,0,0,4877,1848,1596,2518,393068,134478,6570,39586,163127,16955,0,6651,0,0,259155,107761,88240,143209
2024-10-07,US,31252,1601435,311409,1602625,7,60% + 10%,0,558670,34244,7174,3409,126752,28614,0,18218,95914,0,9777,2364,678,720,2370,385,0,131,0,0,4876,1590,1624,2497,460807,133627,22496,40195,115340,18812,0,6964,0,0,260345,92347,90344,141522
2024-10-14,US,33784,1810204,363958,1810348,7,40%-60% + 10%,0,618698,31586,6876,3676,101414,29500,0,18426,80776,0,10300,2756,576,818,2182,444,0,154,0,0,5515,1410,1891,2800,532735,160755,21764,45667,103251,23115,0,8003,0,0,294311,80386,109717,160997
2024-10-21,US,38834,2004696,403853,1998587,7,65% + 10%,0,725556,35270,8221,3854,189393,32088,0,17897,64843,0,11296,2787,701,869,4040,425,0,172,0,0,5741,1963,1759,2829,537616,158237,25989,48544,189795,18921,0,9576,0,0,309119,114674,97605,158043
2024-10-28,US,41857,2095723,431106,2065920,7,65% + 10%,0,612516,38207,15036,4839,266550,32562,0,16759,50901,0,10201,3162,1415,1082,6267,514,0,182,0,0,5999,2166,1878,3260,505117,172565,40631,58413,278546,23282,0,9492,0,0,318493,123396,100552,174655
2024-11-04,US,47339,2379539,479958,2338879,7,40%-60% + 10%,0,571973,51603,36318,5933,411063,41542,0,16951,42570,0,9793,3322,3716,1152,8488,561,0,181,0,0,5813,2187,2152,3458,489144,179838,125672,61914,396619,26642,0,9336,0,0,311281,126445,117684,191317
2024-11-11,US,73654,3705564,767225,3611594,7,70% + 10%,0,899928,58943,48518,7333,670698,46107,0,20707,64947,0,16238,5077,3779,1624,14278,527,0,221,0,0,10926,4087,2887,4431,814403,274892,133519,86477,665678,26217,0,11622,0,0,571941,234696,154919,240688
2024-11-18,US,66190,3379513,709058,3313332,7,70% + 10%,0,822212,61644,42791,9188,707759,48057,0,25776,140551,0,13454,5091,4178,1745,12159,566,0,260,0,0,8990,3313,2786,4544,668825,279576,141229,95250,605034,26253,0,12543,0,0,484042,195545,155008,251525
2024-11-25,US,110141,5799244,1348356,5651535,7,75% + 10%,0,1394728,80974,63488,9961,985424,41551,0,34080,233495,0,24061,10178,4847,2498,15378,523,0,382,0,0,17162,7110,4716,8669,1212568,569469,183121,139980,800964,26525,0,18398,0,0,923430,428195,261563,484988
2024-12-02,US,90271,4604226,1045105,4502322,7,75% + 10%,0,1020262,102883,39697,10423,708768,25699,0,22740,120863,0,19960,8368,2489,2485,10797,487,1,242,0,0,14789,5456,4210,7243,976184,446100,96790,134535,538911,24152,20,11175,0,0,769959,316208,226434,390552
2024-12-09,US,44756,2341483,503678,2363799,7,50%/45%/40%,0,661775,60085,34845,8020,145115,24819,0,10510,118452,0,12278,3834,2269,1309,2168,330,0,85,0,0,5976,2352,2379,4282,625278,210365,94111,72403,102599,15679,0,4801,0,0,312310,136395,133453,237713
2024-12-16,US,56060,2851942,629827,2842872,7,70% + 10%,0,934168,56304,26290,7163,353435,18611,0,12859,155983,0,17714,4764,1620,1378,5142,334,0,103,0,0,6578,2134,2715,5017,877704,259208,64177,73493,255106,18541,0,5458,0,0,334693,118952,146832,269726
2024-12-23,US,59047,3070353,671668,3050401,7,75% + 10%,0,999555,76452,23100,7048,204110,17681,0,11099,191724,0,20910,5106,1445,1534,3142,389,0,92,1,0,7525,3048,3129,4953,1067479,278320,56844,82438,157778,22020,0,5267,49,0,389378,171890,173115,275343
2024-12-30,US,73656,3827581,801501,3782210,7,75% + 10%,0,1240435,70679,20557,8423,266216,39069,0,11304,180529,0,25507,6968,1540,2019,4544,557,0,111,0,0,9896,3901,4021,6147,1294673,383207,55823,110092,225775,30139,0,6069,0,0,514127,215243,222390,339125
2025-01-06,US,48992,2573399,543188,2585477,7,60% + 10%,1,989379,56134,17753,8328,59141,43737,0,11799,164421,0,18070,4196,1094,1471,1236,519,0,121,0,0,5843,2327,2650,3756,939906,235287,43248,77676,61192,27885,0,6760,0,0,305424,132168,147738,210956
2025-01-13,US,45342,2363213,518752,2396506,7,60% + 10%,1,916448,48349,18464,7211,99893,43497,0,13359,161271,0,17045,4156,1088,1445,1366,523,0,154,0,0,5397,1792,2160,2950,880975,226013,44490,76716,68137,28384,0,8279,0,0,279028,98832,118197,158985
2025-01-20,US,49652,2569778,537006,2570351,7,67% + 10%,1,980849,48747,26468,6675,81263,37899,0,21060,156125,0,19993,4204,1498,1321,1214,507,0,404,0,0,5799,1846,2226,3047,998836,231467,66266,69365,62852,26883,0,19824,0,0,305564,104073,123053,166755
2025-01-27,US,40197,2028808,429153,2069796,7,67% + 10%,1,847346,44885,23936,6960,59625,28820,0,29301,172857,0,15050,3427,1683,1234,1123,393,0,446,0,0,4675,1449,1953,2596,727028,188384,59812,66421,58307,20193,0,23995,0,0,243251,80914,105328,142109
2025-02-03,US,31001,1591343,333251,1620824,7,50% + 10%,1,657552,33868,27850,6475,76521,21397,0,45646,125910,0,9582,2516,1701,1041,1258,330,0,562,0,0,3778,1624,1610,2199,455952,141249,67716,56746,66269,15660,0,30549,0,0,203812,97480,88030,122761
2025-02-10,US,40013,2017737,428823,2011002,7,65% + 15%,1,669773,36396,37841,6173,258434,21057,0,48717,115697,0,11409,2709,2064,1059,4369,353,0,673,0,0,4765,2123,2021,2768,548905,145959,77024,55360,229802,16921,0,34922,0,0,246317,119729,109824,146057
2025-02-17,US,50852,2609817,547999,2587698,7,65% + 15%,1,883638,52549,53335,7004,245008,20977,0,56086,112648,0,16811,3183,2708,1348,4481,370,0,816,0,0,5421,2417,2632,3636,834948,176407,102180,74810,235376,16965,0,42816,0,0,286113,140280,144751,201801
2025-02-24,US,36606,1914043,391826,1930837,7,60% + 15%,1,674996,34755,36504,6520,134154,23983,0,53196,123056,0,11453,2210,1944,1065,2034,323,0,646,0,0,4799,2029,2042,2666,564783,125316,74297,58064,109164,16252,0,33677,0,0,263860,121209,117287,151108
2025-03-03,US,35564,1823694,380696,1831197,7,60% + 15%,1,637616,42049,43281,5986,125084,20135,0,52970,120656,0,10891,2436,3344,971,2052,282,0,709,0,0,3945,1769,1927,2479,540028,138886,125414,53340,105944,14421,0,37445,0,0,207422,103968,109378,143391
2025-03-10,US,29781,1541979,318532,1551395,7,45%,0,513129,35565,54391,4358,124668,17581,0,54785,116359,0,8629,1428,3584,762,1636,208,0,618,0,0,3335,1240,1613,2130,439784,82833,129682,40772,87009,11401,0,32496,0,0,176884,73454,92563,122253
2025-03-17,US,33054,1791241,380254,1814954,7,60% + 10%,1,561164,35155,46572,3541,136504,17316,0,42544,129198,0,10688,1784,2637,784,2128,193,0,456,0,0,3781,1833,1704,2210,582068,103364,110366,44373,119282,10124,0,25329,0,0,201884,108814,96017,125449
2025-03-24,US,32961,1763384,400502,1775675,7,55%,1,597338,15337,38576,3812,169169,11964,0,35112,149160,0,11373,757,2633,792,2211,140,0,347,0,0,3807,1557,2489,2324,602195,40135,114238,44503,119311,7399,0,17957,0,0,200387,90561,148805,134964
2025-03-31,US,36859,1989122,446425,1986059,7,60% + 20%,1,758629,46801,31741,3523,131181,7000,0,31583,143788,0,13831,2439,1654,804,2105,104,0,365,0,0,3848,1677,2094,2859,722008,142253,72438,43625,114292,5271,0,18977,0,0,213073,102163,120022,164466
2025-04-07,US,31950,1746306,383798,1762211,7,60% + 20%,1,665577,40401,38177,3602,119741,8352,0,34026,132218,0,10092,1953,2066,686,2060,106,0,294,0,0,4329,1174,1933,2451,541906,114005,101926,39655,114791,5764,0,15697,0,0,230294,67963,109993,141951
2025-04-14,US,34554,1786879,393137,1782794,7,50%,0,680613,30834,52554,3040,119646,9111,0,31613,132482,0,12674,1838,3060,672,2230,180,0,305,0,0,3799,1239,1562,1812,640227,100135,126918,37057,121930,8492,0,15143,0,0,198326,72106,87575,100952
2025-04-21,US,39548,2058336,460873,2043397,7,50%/45%/40%,0,700685,39328,54070,3259,114882,13629,0,22314,128666,0,13619,2930,3078,814,2123,261,0,259,0,0,4936,2070,1507,1905,692159,166119,129268,42883,113340,12024,0,12031,0,0,266884,121359,83542,106827
2025-04-28,US,46102,2377118,527195,2349054,7,55% + 15%,0,864797,34688,82056,3522,119432,14737,0,21891,125288,0,19178,2936,4015,804,1871,223,0,327,0,0,5041,1990,1545,1712,955738,168173,183122,43814,100087,10593,0,15139,0,0,266809,114911,87355,95050
2025-05-05,US,46078,2395817,529175,2365909,7,55% + 15-25%,1,887008,36409,53202,4993,110207,13655,0,27911,110733,0,18270,3762,2364,954,2120,197,0,469,0,0,5370,2495,1262,1388,911094,213376,115847,51014,110786,9023,0,22687,0,0,282346,147240,69823,77556
2025-05-12,US,37693,1904367,416076,1902199,7,50%/45%/40%,0,771173,29315,78206,4904,98502,10096,0,25068,116311,0,14823,3485,2330,835,1864,100,0,369,0,0,4687,1428,1301,1430,724839,190486,102386,44121,96406,4917,0,18127,0,0,243129,81636,72422,79244
2025-05-19,US,47512,2328981,518316,2299211,7,65% + 15%,1,826219,44754,231343,4776,136499,5737,0,19193,119701,0,14750,3492,8330,850,2511,73,0,142,0,0,5623,2319,1924,2548,720837,190252,329952,44274,129606,3683,0,6296,0,0,285754,128141,108463,144630
2025-05-26,US,42351,2152255,477505,2133459,7,65% + 15%,1,741735,65199,69934,5535,156836,5349,-698,10769,127241,0,13446,3586,3356,975,3227,70,0,114,0,0,5641,2389,2122,2604,659808,197430,126096,51682,173717,3302,0,5185,0,0,291054,142081,115233,147100
2025-06-02,US,34668,1739383,386503,1732881,7,55%,1,670777,45383,73635,5382,94448,4670,-4883,7119,124738,0,10989,2894,3277,778,1788,62,0,73,0,0,4523,1783,1704,2225,543670,159749,110237,40662,95905,3348,0,3144,0,0,235743,101639,93352,125738
2025-06-09,US,25777,1291614,299510,1320258,7,55% + 20%,1,542735,37272,45711,4938,103629,3937,-4883,6197,107732,0,7719,2389,1955,682,1160,63,0,59,0,0,3381,1243,1405,1759,384431,128812,71368,36441,59159,3208,0,2751,0,0,170710,69962,74793,94312
2025-06-16,US,24203,1242844,284617,1288022,7,55% + 20%,1,554809,25145,33201,3348,64465,4574,3517,6498,97786,0,7533,2555,1508,677,762,54,71,57,0,0,3431,1409,1429,1721,380927,141370,56986,37129,37922,2924,4138,2444,0,0,178965,79705,75612,94707
2025-06-23,US,28720,1504773,346131,1527182,7,60% + 15%,1,663664,40518,35792,2558,66927,6187,5635,8698,112668,0,8717,2054,1440,653,1077,60,100,78,0,0,3591,1226,1525,1969,446540,111663,53071,34818,56936,2764,6073,3932,0,0,187861,69324,81352,108608
2025-06-30,US,30270,1579219,370709,1585266,7,60% + 15%,1,672210,38187,38758,6444,145996,6933,12957,9729,135708,41279,8986,2732,1580,819,2012,111,146,62,0,0,4109,1537,1861,2304,459558,148396,58150,44969,106790,6053,9520,2966,0,0,216667,90220,102635,130376
2025-07-07,US,23893,1211797,279893,1232858,7,60% + 15%,1,458889,27729,131498,6480,80479,7184,6521,9279,112043,72196,5935,1871,4487,623,847,61,111,38,0,0,3424,1290,1167,1611,304197,108887,155947,34328,47232,3500,6987,2049,0,0,184061,74407,68000,96019
2025-07-14,US,24315,1228305,285140,1244039,7,60% + 15%,1,508230,23683,124218,5137,68805,5877,7501,5733,121038,66290,7104,1804,4385,575,537,77,118,21,0,0,2890,1370,1241,1527,367525,104825,158008,30661,28959,3772,7711,784,0,0,153839,79439,67887,84763
2025-07-21,US,30138,1561263,367404,1565674,7,70% + 15%,1,763101,37057,68879,4600,76589,9161,9355,6806,112821,0,11200,2322,2493,668,730,122,156,46,0,0,3553,1565,1644,2006,579272,128100,97342,35930,38666,6186,10068,2239,0,0,183881,91695,91063,112784
2025-07-28,US,38368,2021998,475994,2016555,7,70% + 15%,1,885099,92123,98561,5245,79572,13599,21481,8149,112110,0,14288,2672,3249,812,972,192,311,57,0,0,4326,2082,1810,2474,754257,152475,125659,44805,53379,9418,19538,2748,0,0,231991,123884,101388,140517
2025-08-04,US,27150,1417598,324276,1435721,7,60% + 15%,1,617486,68517,85540,4774,59289,13960,18500,5798,110073,0,9824,1859,2969,584,643,150,259,31,0,0,2963,1225,1251,1704,516919,104915,113678,33227,34064,7056,16230,1723,0,0,160199,71989,71278,96806
2025-08-11,US,29322,1506851,336594,1525051,7,40% + 10%,0,559795,41446,75476,5368,34928,27368,16255,4167,101872,0,10875,1986,2907,606,343,166,246,67,0,0,3626,1534,939,1311,558085,111848,116548,34003,18773,8250,15530,2600,0,0,191623,86397,52394,72222
2025-08-18,US,30343,1520306,347221,1521159,7,60% + 10%,1,602924,55524,84490,5313,35237,51012,20993,6520,91820,0,11212,1598,3364,655,465,262,349,101,0,0,2944,1032,1447,1884,568413,85329,134137,36252,23966,12807,20904,3998,0,0,149016,56494,76368,103826
2025-08-25,US,40357,2061815,491341,2041368,7,65% + 15%,1,823696,65689,103896,5368,53991,69893,26315,8998,90209,0,14960,2750,4250,837,719,334,493,143,0,0,4319,1424,1992,2616,773727,150542,168269,44776,34560,16077,29673,5921,0,0,226339,82723,107700,144409
2025-09-01,US,46242,2309842,533065,2279518,7,65% + 15%,1,790590,70154,140089,5675,78840,38590,45097,13613,87532,0,14847,2696,7041,897,1139,362,672,261,0,0,4914,2353,2086,2901,769750,147864,250462,48151,56047,17299,39578,12568,0,0,252517,135251,114929,160832
2025-09-08,US,32963,1641330,361977,1652732,7,45%,1,643432,56555,163405,4355,51184,9228,32435,14019,82900,0,9560,1566,7741,550,475,183,453,191,0,0,3315,1568,1336,1814,498048,87567,304992,29892,24927,8998,27323,9078,0,0,170535,89469,75509,100946
2025-09-15,US,39966,2040205,458879,2031256,7,67% + 10%,1,764002,53371,161745,3402,42256,3781,24973,13927,77735,0,13321,1781,7365,651,566,133,453,211,0,0,4141,1660,1675,2112,681546,99139,319497,34990,27410,6648,26868,10845,0,0,220213,96972,91719,120916
2025-09-22,US,38831,2004857,440435,1997077,7,60% + 15%,1,773575,58432,163370,3471,42098,5543,29884,18292,95599,0,12184,2192,7942,770,505,124,490,287,0,0,3625,1363,1732,2456,644965,123199,337623,42586,27936,6941,30299,14424,0,0,188836,78749,97257,142880
2025-09-29,US,38725,1995065,433081,1984305,7,60% + 15%,1,744840,65222,201202,3926,42186,12453,34027,19368,95885,24355,10595,1925,9580,716,381,64,485,199,0,0,4001,1555,1572,2237,576145,113523,379448,42818,21713,4052,30938,10324,0,0,206817,93088,91675,131913
2025-10-06,US,38314,1958930,430186,1947780,7,60% + 10%,1,749792,67882,183504,4360,42295,32764,24027,18099,116945,46653,10484,2455,8848,726,341,103,338,139,0,0,3765,2147,1690,2292,579372,143631,329454,42520,19046,6014,21242,8162,0,0,192396,128770,96464,131885
2025-10-13,US,40391,2119361,477687,2108052,7,50%,1,820086,75565,148099,4617,54100,51033,25114,10952,120226,49787,13194,2881,7708,805,311,154,335,78,0,0,3641,1627,1811,2535,736897,172582,278516,45246,17041,10050,21319,4486,0,0,202044,99348,105215,147298
2025-10-20,US,37210,1897605,426717,1891627,7,60% + 10%,1,609867,83131,168581,4878,69213,16627,46758,5950,124845,48328,9228,2480,9558,799,484,68,601,19,0,0,3721,1813,1509,2400,520678,139396,341293,45527,27242,4023,37339,862,0,0,208368,111442,87196,134125
2025-10-27,US,37710,1842612,409355,1826562,7,65% + 15%,1,526914,81702,203193,5227,49372,-3004,37701,5731,127242,45834,8052,2439,11435,739,540,27,433,38,0,0,3715,1990,1282,2281,446231,140670,386865,41812,29952,1715,27903,2203,0,0,202455,117824,71216,127535
2025-11-03,US,52004,2896006,681033,2870925,7,65% + 15%,0,1031205,82345,172849,5881,78262,-1618,28903,8384,125064,51562,16811,3638,7572,1153,1283,41,397,45,0,0,4842,2424,2016,3746,990630,220942,309382,64784,72993,2216,24652,2315,0,0,271973,145228,117978,220825
2025-11-10,US,49110,2724721,633784,2711981,7,70% + 10%,0,1098928,108316,145760,6464,165600,-3119,37802,6627,90281,50815,13916,3551,6530,1137,2598,50,496,35,0,0,5111,2740,1949,3789,807503,210525,274063,67141,144963,2669,30538,1844,0,0,287406,161444,112604,225617
2025-11-17,US,61740,3318320,783383,3278978,7,70% + 10%,0,1211312,118237,187250,6903,342676,-3333,59243,8625,157168,32795,18934,3693,7243,1283,4876,60,633,32,0,0,6748,3230,2081,4177,1015149,213413,328004,71317,264826,3169,38659,1682,0,0,371383,188839,118908,245702
2025-11-24,US,97742,5065117,1299530,5029544,7,Up to 75% + Extra 25%/20%/15%,1,1653816,151575,308692,7700,498817,-670,111628,19978,218415,24558,27141,6777,11546,1786,7974,87,1353,63,0,0,10290,6529,3532,7396,1362339,379689,526307,101115,402844,4162,79784,2905,0,0,547428,377230,192571,412404
2025-12-01,US,121003,5997498,1494379,5907133,7,Up to 75% + Extra 25%/20%/15%,0,1794036,202180,397662,9549,474019,18525,141698,20336,154475,8600,32365,8569,14504,2138,9068,113,1809,91,0,0,13296,7860,4061,8717,1511330,460408,705593,116277,441692,5174,107217,4033,0,0,654179,413601,205414,470641
2025-12-08,US,77455,4129712,963048,4110483,7,70% + 10%,0,1298523,122454,367276,7516,179428,12832,62804,17844,216399,0,21442,5888,13763,1350,3078,62,1020,76,0,0,7264,3455,2732,5627,1104594,345868,668852,79102,170478,3576,64028,3235,0,0,376777,202840,155927,332412
2025-12-15,US,84462,4268212,1010675,4221184,7,70% + 15%,0,1316955,83026,439034,6241,175301,8007,41720,19476,206907,0,25931,6567,16962,1272,3036,68,666,114,1,0,7569,3399,2792,5116,1282323,367768,747843,72242,164390,3632,42885,5080,40,0,393207,195431,151363,285022
2025-12-22,US,73784,3898599,929967,3875155,7,75% + 10%,0,1275120,69055,314552,6205,155849,5170,24964,12137,297112,0,23615,6500,11924,1189,2940,50,387,117,1,0,7542,3401,2683,4180,1235258,368215,553590,70335,159656,2722,23614,4878,38,0,408994,198514,147912,239587
2025-12-29,US,74837,4078855,983250,4085843,7,75% + 10%,1,1229493,73971,308898,7527,143726,7947,33562,6961,246441,0,22205,7150,11436,1391,2878,77,519,110,0,0,8495,3764,2798,4656,1185862,419795,555942,81218,154460,4143,31648,4973,0,0,481983,227415,160038,272893
2026-01-05,US,55957,2896146,665885,2906039,7,75% + 10%,1,1042797,61928,228122,6030,139723,9798,31723,7491,171081,0,17337,4937,8084,1101,2165,79,431,131,0,0,6874,2665,2004,3185,880621,266363,384334,61536,115991,4122,25834,5838,0,0,371390,143919,108017,175120
2026-01-12,US,59011,3129408,706551,3145384,7,60% + 10%,1,989888,68000,306343,5822,99288,7192,20476,4601,141457,1722,15734,4789,10725,1053,1423,46,311,50,2,0,4718,2229,1904,2948,797293,272548,492690,60853,72984,2367,18844,2654,79,0,254116,127799,105262,169411
2026-01-19,US,52996,2617739,581121,2600562,7,65% + 20%,1,924032,81734,310083,5221,70531,7941,20769,3998,133282,8101,15384,4238,12300,801,1124,69,307,26,0,0,5260,2246,1804,2618,764181,240000,470314,44957,58887,3754,18790,1241,0,0,284903,129501,101667,149908
2026-01-26,US,61249,3155232,682000,3110328,7,65% + 10%,1,1242493,100176,221821,6051,70482,8402,25699,4357,139275,13360,20725,5279,9395,1090,1273,64,400,32,0,0,5975,2748,2202,2942,1065149,298988,401068,60566,69149,3469,26583,1572,0,0,313887,153376,122809,166131
2026-02-02,US,42625,2288336,504340,2283863,7,60% + 10%,1,962745,89570,183022,6359,69983,6470,15863,11325,150947,12051,11468,4228,6752,1053,1013,32,345,59,0,0,3891,1959,2138,2718,615954,246187,305817,59742,57653,1938,23062,2963,0,0,216308,115966,120066,157715
2026-02-09,US,37158,1911531,421581,1918012,7,65% + 15%,1,690279,76138,194265,6813,77215,6292,14677,11071,171900,3967,9297,3738,7105,959,1049,35,310,73,1,0,3317,1712,1685,2290,471318,213287,305113,54447,58274,1749,19949,3255,77,0,176038,100185,92831,131628
2026-02-16,US,45474,2275463,488707,2258394,7,65% + 15%,1,894546,76350,170557,6292,89935,6292,13510,5281,192546,3506,14234,4397,5433,1025,1333,26,313,50,0,0,4542,2481,1839,2740,689599,244320,246535,54774,69407,1274,19685,2397,0,0,234640,132505,95245,152340
2026-02-23,US,41839,2140124,465935,2128444,7,60% + 10%,1,825690,68967,167626,5292,91604,6303,13235,4189,133927,3588,13912,3671,5316,828,1451,33,273,37,0,0,4068,2477,1587,2149,679186,207345,242468,44634,76219,1590,16911,1844,0,0,214982,142169,87106,124631
2026-03-02,US,39292,2036964,448938,2037566,7,60% + 10%,1,847487,74609,98474,5147,108158,6256,21300,4071,139277,7247,12393,3608,4479,803,1681,21,333,26,1,0,3554,2184,1566,2070,606186,207499,208461,44766,87734,1028,20787,1203,63,0,192790,125136,86271,120405
2026-03-09,US,38889,1960007,435969,1949110,7,55%,0,822810,73841,80430,5040,120853,31778,28575,2732,130363,10893,11277,3258,4585,710,1749,70,395,23,0,0,3879,2321,1562,2104,544144,180170,214017,39617,91201,3755,24462,1233,0,0,202539,127072,81621,111171
2026-03-16,US,33252,1679207,367562,1677682,7,65% + 10%,1,689633,59436,93041,4861,104545,29326,27151,2880,154747,39008,9096,2913,4695,656,1422,49,384,16,0,0,3521,2244,1183,1755,434422,159252,210964,37087,77162,2352,23999,747,0,0,189994,129294,61150,91379
2026-03-23,US,26789,1404806,303039,1404000,7,70%,1,596735,48734,82083,5575,119167,28815,31386,2759,159854,50615,7295,2255,4056,472,1454,43,375,1,3,0,2358,1627,785,1276,383009,131593,187119,26729,76914,2093,24292,29,176,0,121341,87832,43297,71496
2026-03-30,US,25178,1313203,289915,1304184,7,80% + 80%,1,526162,40026,72479,5988,138428,28858,22978,2841,159186,49076,7328,2304,3388,544,1277,43,325,1,0,0,2626,1597,972,1264,369990,130949,148700,29643,71361,2311,21064,63,0,0,143713,88333,54949,72786
2026-04-06,US,27228,1460901,327956,1443101,7,70% + 10%,1,466429,62735,58172,9151,149835,31945,15711,1421,164462,50941,5483,3285,2316,866,1592,25,314,3,0,0,3358,2281,1386,1948,284912,188529,104451,47453,84345,1575,19882,84,0,0,180569,126093,81397,113063
2026-04-13,US,22611,1170617,246702,1164593,7,70% + 10%,0,422732,48550,46178,7391,151764,32267,16773,1397,191750,47062,5471,2271,2257,586,1473,41,291,11,0,0,2885,1573,1064,1192,266359,128911,94663,32386,79324,1881,18984,603,0,0,156305,91155,58262,69162
2026-04-20,US,26920,1380256,305825,1361230,7,55%/50%/45%,0,510740,45776,111132,6392,107969,23771,18319,1395,145529,38002,7083,2535,4166,597,1311,33,324,13,0,0,3039,1627,1295,1225,358293,145729,172866,31805,67557,1757,22602,754,0,0,161562,92817,71420,70619
2026-04-27,US,25201,1322416,295970,1305614,7,55% + 15%,0,400816,43906,154789,5912,107658,14079,65223,2298,100590,10678,5716,2368,4305,498,1202,30,547,15,0,0,3321,1989,1048,1236,315346,137659,180818,26417,61158,1321,37065,810,0,0,172459,105897,58444,73170
2026-05-04,US,31243,1744192,389383,1716229,7,55% + 25%/20%/15%,1,608806,48611,243744,6983,144499,12549,42990,9861,114592,11466,9626,2866,5497,584,1604,31,495,49,0,0,2745,1677,1132,1355,555867,176622,242255,34985,87675,1826,36207,2473,0,0,153697,98971,67007,83479
2026-05-11,US,24523,1345019,287805,1339947,7,72%,0,613120,49184,138458,6931,80061,19183,25391,4394,135266,21333,9049,2255,3291,464,865,24,262,14,0,0,2322,1313,693,845,503229,132994,147297,26325,44744,1345,18400,602,0,0,130459,77313,40352,51886
2026-05-18,US,30455,1637741,360050,1616771,7,65% + 15%,1,660434,55684,120279,6915,95178,29882,27873,2797,129168,26353,10177,2796,2613,603,1144,54,321,23,0,0,3414,2136,855,1064,549972,161529,113423,34054,61450,2853,21465,1196,0,0,180376,119525,46431,62157
2026-05-25,US,26384,1421578,306265,1404577,7,65% + 15%,1,671607,58200,112149,5913,95382,42117,25510,3980,111366,22438,8382,2634,2562,599,1198,116,285,27,0,0,3429,1538,792,979,456278,150992,107331,35306,66789,5339,18657,1428,0,0,181105,89098,45318,59096
2026-06-01,US,19009,969461,196697,963506,7,55%,0,446540,42452,98834,6780,68605,28358,27786,4180,116845,25817,5964,1937,2265,419,827,105,183,20,0,0,2243,1137,605,686,300050,108131,91290,22690,41924,4708,11597,1050,0,0,114551,62470,35936,40200
2026-06-08,US,19617,957000,202192,951869,7,60% + 20%,1,372831,46339,133419,2492,76822,23182,21382,4190,112859,27648,5233,1769,3186,172,953,62,222,21,0,0,2374,1348,862,895,260174,100372,111778,9009,46557,2973,14053,1146,0,0,118851,67947,47658,52431
2026-06-15,US,17400,828069,175427,823277,7,70%,1,338810,39889,144998,0,89157,26726,10261,4197,116512,30028,4207,1423,4023,4,715,35,118,21,0,0,2023,1251,851,760,206784,80715,132230,-370,38672,1511,7870,1020,0,0,102631,65906,47394,42748
2026-06-22,US,17937,832261,189672,821896,7,65% + 15%,1,255459,38379,135095,0,72618,26675,13016,3959,103311,32323,4121,1702,3805,1,659,46,165,18,0,0,2265,1232,969,845,194425,90031,129632,-295,35147,2460,9385,890,0,0,108957,62972,51553,46965
2026-06-29,US,19883,938534,212935,913941,7,65% + 15%,1,363731,35469,84678,0,79807,28454,12472,6245,125321,18693,6314,1708,2077,1,799,70,173,55,0,0,2226,1316,1121,975,289927,94091,75945,-191,42250,3507,9667,3020,0,0,105972,63950,57576,52476
2026-07-06,US,18607,884078,184588,868091,7,65%,1,357171,41925,77092,0,76059,30007,11951,4815,168973,22818,5723,1479,2130,1,598,96,142,23,0,0,2333,1094,1033,863,263344,81802,80647,6,32024,4176,8657,1230,0,0,110278,55387,53543,47615
2026-07-13,US,17904,825566,174624,811793,7,60%,0,325081,38125,110852,529,75098,32221,7381,4972,165128,20281,4813,1552,3171,26,673,119,96,43,0,0,2142,947,926,848,223874,84608,100596,1296,36417,5518,7412,2056,0,0,102421,47262,48845,45310
2026-07-20,US,21461,975508,216625,951125,7,75%,1,401412,49829,116197,10176,91982,28091,13371,4866,162440,25222,5547,1806,4117,419,713,80,179,25,0,0,2326,1228,1000,995,247418,98292,131034,21758,36317,3790,11349,1200,0,0,115495,62198,52816,53007
2026-07-27,US,24246,1055185.5,236201.16,1028443.6,7,75%,1,487894.41,46009.56,162120.07,5398.63,112768.59,13386.06,10282.26,4360.46,170835,20660.21,5944,1899,5429,395,1377,37,146,32,0,0,2535,1229,964,1013,257761.9,99968.68,175766.33,19766.4,60158.31,1443.38,8875.41,1471.33,0,0,117630.72,58611.76,49857.49,53787.06
2026-08-03,US,20949,989720.22,205908.81,966606.68,7,60%,0,471982.94,45007.45,139471.47,7292.98,82763.6,13406.92,12388.8,3445.74,120588.86,18547.99,5397,1680,5039,350,773,28,179,22,0,0,2134,932,868,748,256211,95744.49,169011.19,18363.94,40824.52,1088.16,10333.53,1074.93,0,0,111569.25,51664.97,50083.53,44343.1
2026-08-10,US,18736,854059.01,173823.82,842469.57,7,40% + 10% | Up to 70% (clearance),0,487649.01,40879.67,98410.38,7240.29,58061.67,13318.32,13342.99,2749.88,110263.86,14081.16,5646,1465,3099,315,550,38,196,20,0,0,2013,902,636,642,250988.81,79589.28,105839.57,16294.87,29406.19,1797.76,11049.81,972.26,0,0,95510.68,44612.7,33311.58,35133.83
